Time (s),Channel 1 (mV),Channel 2 (mV),Channel 3 (mV),Channel 1 (mV)
0.0634727,-0.00087411,3.441,11.89,-0.00087411
0.1078902,-0.000696324,3.441,11.89,-0.000696324
0.1520469,-0.000696324,3.441,11.89,-0.000696324
0.196574,-0.000696324,3.441,11.89,-0.000696324
0.2420966,-0.000696324,3.441,11.89,-0.000696324
0.2867688,-0.00087411,3.441,11.89,-0.00087411
0.3325332,-0.000518538,3.441,11.89,-0.000518538
0.3772524,-0.000518538,3.441,11.89,-0.000518538
0.4227921,-0.000696324,3.441,11.89,-0.000696324
0.5133921,-0.000696324,3.441,11.89,-0.000696324
0.557041,-0.000518538,3.441,11.89,-0.000518538
0.6027199,-0.000518538,3.441,11.89,-0.000518538
0.6488259,-0.000696324,3.441,11.89,-0.000696324
0.6924886,-0.00087411,3.441,11.89,-0.00087411
0.7376958,-0.000696324,3.441,11.89,-0.000696324
0.7825315,-0.000696324,3.441,11.89,-0.000696324
0.8281678,-0.000518538,3.441,11.89,-0.000518538
0.8730502,-0.000696324,3.441,11.89,-0.000696324
0.9635265,-0.000162966,304.5018,11.89,-0.000162966
1.0084625,-0.000340752,304.5018,11.89,-0.000340752
1.0533405,-0.000162966,304.5018,15.858,-0.000162966
1.1416315,-0.000340752,304.5018,14.866,-0.000340752
1.153959,-0.000340752,303.5082,22.802,-0.000340752
1.1874972,-0.000518538,304.5018,23.794,-0.000518538
1.2335885,-0.000162966,305.4954,30.738,-0.000162966
1.2788439,-0.000162966,303.5082,38.674,-0.000162966
1.3225586,0.000370392,304.5018,37.682,0.000370392
1.4133896,1.48E-05,304.5018,45.618,1.48E-05
1.4578084,-0.000162966,305.4954,46.61,-0.000162966
1.5026116,0.000192606,303.5082,52.562,0.000192606
1.548747,1.48E-05,304.5018,52.562,1.48E-05
1.5934418,0.000192606,305.4954,60.498,0.000192606
1.6383431,0.000548178,303.5082,60.498,0.000548178
1.6827259,0.000370392,303.5082,69.426,0.000370392
1.7280833,0.000548178,304.5018,76.37,0.000548178
1.7728185,0.000725964,303.5082,76.37,0.000725964
1.8634979,0.000548178,304.5018,83.314,0.000548178
1.9093429,0.00090375,303.5082,83.314,0.00090375
1.952751,0.001081536,304.5018,91.25,0.001081536
1.9982799,0.001259322,305.4954,90.258,0.001259322
2.0426051,0.001259322,304.5018,99.186,0.001259322
2.0880109,0.001259322,303.5082,99.186,0.001259322
2.1324608,0.001614894,303.5082,106.13,0.001614894
2.1777609,0.002148252,303.5082,114.066,0.002148252
2.2229989,0.002148252,304.5018,113.074,0.002148252
2.3136636,0.002326038,304.5018,122.002,0.002326038
2.3586626,0.002503824,304.5018,122.994,0.002503824
2.4025587,0.002503824,303.5082,129.938,0.002503824
2.4478319,0.002859396,303.5082,129.938,0.002859396
2.4927811,0.003392754,304.5018,136.882,0.003392754
2.5386077,0.003037182,304.5018,137.874,0.003037182
2.5826771,0.003748326,304.5018,144.818,0.003748326
2.6288646,0.004281684,304.5018,152.754,0.004281684
2.6720874,0.004281684,304.5018,151.762,0.004281684
2.7642063,0.00445947,304.5018,152.754,0.00445947
2.8080734,0.004815042,303.5082,158.706,0.004815042
2.8540158,0.004815042,303.5082,159.698,0.004815042
2.8981042,0.0053484,303.5082,166.642,0.0053484
2.9434175,0.005526186,303.5082,165.65,0.005526186
2.9877568,0.00623733,303.5082,174.578,0.00623733
3.0337054,0.006770688,304.5018,175.57,0.006770688
3.0772216,0.006770688,304.5018,182.514,0.006770688
3.1232431,0.007304046,304.5018,183.506,0.007304046
3.2134978,0.007659618,304.5018,190.45,0.007659618
3.2581275,0.008192976,304.5018,189.458,0.008192976
3.3032639,0.008370762,304.5018,198.386,0.008370762
3.348604,0.009081906,304.5018,196.402,0.009081906
3.3928026,0.009437478,304.5018,204.338,0.009437478
3.4387233,0.009970836,304.5018,205.33,0.009970836
3.482979,0.01068198,304.5018,213.266,0.01068198
3.5283021,0.01157091,304.5018,220.21,0.01157091
3.5720722,0.012104268,304.5018,220.21,0.012104268
3.6643981,0.012104268,304.5018,220.21,0.012104268
3.7076205,0.012637626,303.5082,228.146,0.012637626
3.7525295,0.01334877,304.5018,227.154,0.01334877
3.7974472,0.014059914,304.5018,236.082,0.014059914
3.8421772,0.014771058,305.4954,236.082,0.014771058
3.887595,0.015482202,304.5018,243.026,0.015482202
3.9324176,0.015837774,303.5082,243.026,0.015837774
3.9779487,0.01690449,304.5018,249.97,0.01690449
4.0682931,0.017971206,303.5082,257.906,0.017971206
4.1125101,0.019037922,304.5018,257.906,0.019037922
4.158209,0.019926852,303.5082,264.85,0.019926852
4.2026924,0.02046021,304.5018,265.842,0.02046021
4.2476687,0.02134914,303.5082,273.778,0.02134914
4.2935379,0.022060284,303.5082,272.786,0.022060284
4.3379028,0.022949214,304.5018,280.722,0.022949214
4.3821136,0.02401593,304.5018,281.714,0.02401593
4.4279836,0.02490486,304.5018,288.658,0.02490486
4.5187977,0.02668272,303.5082,296.594,0.02668272
4.5626099,0.027393864,305.4954,296.594,0.027393864
4.6078812,0.028638366,303.5082,302.546,0.028638366
4.653046,0.029527296,304.5018,303.538,0.029527296
4.6976128,0.030416226,304.5018,312.466,0.030416226
4.7468687,0.031660728,305.4954,310.482,0.031660728
4.7873255,0.032727444,304.5018,319.41,0.032727444
4.832437,0.03379416,304.5018,318.418,0.03379416
4.877953,0.034505304,304.5018,326.354,0.034505304
4.9229812,0.035927592,304.5018,326.354,0.035927592
5.0137258,0.037172094,304.5018,333.298,0.037172094
5.0575414,0.038061024,304.5018,333.298,0.038061024
5.1024942,0.039483312,303.5082,341.234,0.039483312
5.1477588,0.040372242,303.5082,341.234,0.040372242
5.1929229,0.041438958,304.5018,350.162,0.041438958
5.2376625,0.042505674,304.5018,349.17,0.042505674
5.2826674,0.043927962,304.5018,357.106,0.043927962
5.3276638,0.044994678,304.5018,357.106,0.044994678
5.4183758,0.046061394,303.5082,365.042,0.046061394
5.4640372,0.047305896,304.5018,364.05,0.047305896
5.5075911,0.048194826,303.5082,371.986,0.048194826
5.552365,0.049439328,303.5082,372.978,0.049439328
5.5976183,0.049617114,304.5018,371.986,0.049617114
5.6428033,0.050861616,304.5018,379.922,0.050861616
5.6879379,0.051928332,304.5018,378.93,0.051928332
5.7326746,0.05335062,303.5082,386.866,0.05335062
5.7778224,0.055306266,304.5018,393.81,0.055306266
5.8231404,0.056550768,304.5018,394.802,0.056550768
5.9137034,0.05779527,304.5018,402.738,0.05779527
5.9575248,0.0586842,304.5018,402.738,0.0586842
6.0022527,0.059928702,303.5082,410.674,0.059928702
6.0937275,0.060817632,303.5082,409.682,0.060817632
6.0976932,0.062062134,304.5018,417.618,0.062062134
6.1377967,0.062951064,304.5018,417.618,0.062951064
6.1826104,0.064195566,304.5018,425.554,0.064195566
6.2275063,0.066151212,304.5018,432.498,0.066151212
6.2722277,0.067217928,304.5018,432.498,0.067217928
6.3633091,0.067929072,305.4954,439.442,0.067929072
6.4072338,0.068640216,304.5018,441.426,0.068640216
6.452853,0.06935136,304.5018,447.378,0.06935136
6.4977863,0.070418076,303.5082,448.37,0.070418076
6.542495,0.070773648,303.5082,456.306,0.070773648
6.5885775,0.071662578,304.5018,456.306,0.071662578
6.632747,0.072195936,304.5018,462.258,0.072195936
6.7218666,0.074329368,304.5018,472.178,0.074329368
6.7355321,0.07468494,304.5018,471.186,0.07468494
6.8120673,0.075040512,304.5018,478.13,0.075040512
6.8575393,0.07557387,305.4954,478.13,0.07557387
6.9024721,0.075929442,303.5082,486.066,0.075929442
6.9474209,0.076285014,304.5018,486.066,0.076285014
6.9923109,0.0764628,303.5082,492.018,0.0764628
7.0373771,0.0764628,303.5082,494.002,0.0764628
7.0819068,0.076818372,304.5018,499.954,0.076818372
7.1272977,0.077885088,303.5082,507.89,0.077885088
7.1716559,0.077707302,304.5018,509.874,0.077707302
7.2657276,0.077529516,304.5018,515.826,0.077529516
7.3517813,0.07735173,304.5018,516.818,0.07735173
7.3969096,0.076818372,304.5018,523.762,0.076818372
7.408552,0.076640586,304.5018,524.754,0.076640586
7.4423269,0.07557387,304.5018,523.762,0.07557387
7.4867401,0.075040512,305.4954,532.69,0.075040512
7.5321574,0.074507154,304.5018,530.706,0.074507154
7.5768242,0.073440438,304.5018,540.626,0.073440438
7.6669781,0.07379601,305.4954,545.586,0.07379601
7.756908,0.073262652,304.5018,546.578,0.073262652
7.7695868,0.07201815,304.5018,553.522,0.07201815
7.8021713,0.07112922,304.5018,554.514,0.07112922
7.8468147,0.069706932,303.5082,560.466,0.069706932
7.892239,0.068818002,304.5018,561.458,0.068818002
7.9383454,0.066862356,304.5018,561.458,0.066862356
7.9821998,0.06579564,304.5018,569.394,0.06579564
8.0276103,0.065084496,304.5018,577.33,0.065084496
8.0719404,0.063662208,304.5018,577.33,0.063662208
8.1620674,0.061706562,303.5082,584.274,0.061706562
8.2077135,0.060106488,305.4954,585.266,0.060106488
8.2527934,0.058150842,303.5082,591.218,0.058150842
8.2986861,0.056372982,304.5018,593.202,0.056372982
8.3425361,0.05423955,304.5018,600.146,0.05423955
8.387814,0.052283904,304.5018,598.162,0.052283904
8.4331143,0.050328258,304.5018,607.09,0.050328258
8.4781027,0.048728184,304.5018,615.026,0.048728184
8.5225843,0.047483682,304.5018,616.018,0.047483682
8.6127033,0.045883608,305.4954,622.962,0.045883608
8.6589683,0.045172464,304.5018,622.962,0.045172464
8.7034346,0.043750176,304.5018,629.906,0.043750176
8.7475714,0.043216818,304.5018,629.906,0.043216818
8.7941421,0.042150102,303.5082,628.914,0.042150102
8.8384941,0.041438958,303.5082,638.834,0.041438958
8.8833269,0.040727814,304.5018,644.786,0.040727814
8.9274327,0.040194456,303.5082,644.786,0.040194456
9.0171035,0.039661098,304.5018,652.722,0.039661098
9.0625306,0.039305526,304.5018,653.714,0.039305526
9.1079204,0.038416596,303.5082,659.666,0.038416596
9.1534998,0.038061024,304.5018,659.666,0.038061024
9.1984743,0.037527666,304.5018,666.61,0.037527666
9.2440598,0.036994308,304.5018,667.602,0.036994308
9.2874698,0.03646095,304.5018,675.538,0.03646095
9.3785049,0.036105378,305.4954,676.53,0.036105378
9.3930255,0.035216448,303.5082,684.466,0.035216448
9.422621,0.034860876,303.5082,684.466,0.034860876
9.5133898,0.033971946,303.5082,692.402,0.033971946
9.5586998,0.03379416,304.5018,691.41,0.03379416
9.6032245,0.032727444,303.5082,697.362,0.032727444
9.6483783,0.032549658,303.5082,699.346,0.032549658
9.6935006,0.031660728,304.5018,699.346,0.031660728
9.7382769,0.03112737,304.5018,706.29,0.03112737
9.7882592,0.030416226,304.5018,713.234,0.030416226
9.8276116,0.029882868,303.5082,713.234,0.029882868
9.8734396,0.028993938,304.5018,714.226,0.028993938
9.9633003,0.027927222,304.5018,721.17,0.027927222
10.0089742,0.02757165,305.4954,722.162,0.02757165
10.0532297,0.026860506,303.5082,729.106,0.026860506
10.0990476,0.026149362,304.5018,729.106,0.026149362
10.1429187,0.025438218,304.5018,737.042,0.025438218
10.1881985,0.024549288,304.5018,737.042,0.024549288
10.234603,0.023660358,305.4954,743.986,0.023660358
10.2770315,0.023304786,303.5082,743.986,0.023304786
10.3682733,0.02223807,304.5018,753.906,0.02223807
10.4125854,0.021882498,304.5018,750.93,0.021882498
10.4587507,0.020993568,304.5018,759.858,0.020993568
10.5034179,0.020282424,303.5082,759.858,0.020282424
10.548629,0.019749066,304.5018,765.81,0.019749066
10.5942178,0.018860136,303.5082,766.802,0.018860136
10.6383317,0.018148992,304.5018,771.762,0.018148992
10.6839964,0.017082276,303.5082,781.682,0.017082276
10.7279263,0.01690449,304.5018,783.666,0.01690449
10.818018,0.015837774,303.5082,789.618,0.015837774
10.8635629,0.015304416,305.4954,790.61,0.015304416
10.9083376,0.014593272,304.5018,797.554,0.014593272
10.9540649,0.013882128,303.5082,797.554,0.013882128
10.9981944,0.013170984,303.5082,804.498,0.013170984
11.0433166,0.012637626,304.5018,805.49,0.012637626
11.0889836,0.011926482,304.5018,805.49,0.011926482
11.1333143,0.011215338,304.5018,812.434,0.011215338
11.1785339,0.01068198,304.5018,820.37,0.01068198
11.2231108,0.010148622,304.5018,821.362,0.010148622
11.3132999,0.009437478,304.5018,827.314,0.009437478
11.3584278,0.009081906,304.5018,828.306,0.009081906
11.4031227,0.008192976,304.5018,835.25,0.008192976
11.4475895,0.007837404,304.5018,836.242,0.007837404
11.4927687,0.00712626,303.5082,843.186,0.00712626
11.5386026,0.006770688,304.5018,842.194,0.006770688
11.582218,0.006059544,303.5082,850.13,0.006059544
11.6266961,0.00623733,304.5018,851.122,0.00623733
11.7185205,0.005170614,304.5018,860.05,0.005170614
11.7624922,0.004992828,304.5018,859.058,0.004992828
11.8078845,0.004281684,304.5018,866.002,0.004281684
11.8539162,0.004103898,304.5018,866.994,0.004103898
11.8981215,0.003748326,304.5018,873.938,0.003748326
11.9433007,0.003392754,303.5082,874.93,0.003392754
11.9875256,0.003214968,304.5018,881.874,0.003214968
12.0339746,0.002859396,305.4954,888.818,0.002859396
12.0780648,0.00268161,304.5018,889.81,0.00268161
12.1680821,0.001970466,304.5018,896.754,0.001970466
12.2120581,0.001970466,304.5018,897.746,0.001970466
12.2577457,0.00179268,304.5018,903.698,0.00179268
12.3080262,0.001437108,303.5082,903.698,0.001437108
12.3482845,0.00090375,305.4954,911.634,0.00090375
12.3933213,0.001259322,305.4954,911.634,0.001259322
12.4394642,0.00090375,303.5082,910.642,0.00090375
12.4832313,0.000370392,304.5018,917.586,0.000370392
12.5279159,0.000548178,304.5018,925.522,0.000548178
12.6188412,0.000548178,305.4954,925.522,0.000548178
12.6634166,0.000192606,304.5018,933.458,0.000192606
12.7083959,0.000192606,303.5082,934.45,0.000192606
12.7526447,0.000192606,304.5018,941.394,0.000192606
12.7980125,-0.000340752,304.5018,941.394,-0.000340752
12.8440946,-0.000162966,305.4954,941.394,-0.000162966
12.8880544,-0.000162966,304.5018,948.338,-0.000162966
12.9788258,-0.000518538,304.5018,956.274,-0.000518538
12.9884715,-0.000340752,304.5018,959.25,-0.000340752
13.0683021,-0.000340752,304.5018,956.274,-0.000340752
13.1140361,-0.000518538,304.5018,957.266,-0.000518538
13.1583703,-0.000518538,303.5082,965.202,-0.000518538
13.2493501,-0.000162966,304.5018,964.21,-0.000162966
13.2614525,-0.00087411,305.4954,971.154,-0.00087411
13.2923887,-0.00087411,303.5082,973.138,-0.00087411
13.338445,-0.000696324,304.5018,970.162,-0.000696324
13.384367,-0.000518538,305.4954,979.09,-0.000518538
13.4282283,-0.000518538,304.5018,980.082,-0.000518538
13.5183946,-0.000518538,312.4506,988.018,-0.000518538
13.5639667,-0.000696324,314.4378,988.018,-0.000696324
13.6135996,-0.000696324,322.3866,993.97,-0.000696324
13.652619,-0.00087411,324.3738,995.954,-0.00087411
13.697651,-0.00087411,333.3162,1002.898,-0.00087411
13.7430936,-0.001051896,335.3034,1002.898,-0.001051896
13.8318062,-0.000518538,345.2394,1009.842,-0.000518538
13.845646,-0.00087411,353.1882,1018.77,-0.00087411
13.877836,-0.000518538,356.169,1020.754,-0.000518538
13.9675878,-0.000696324,366.105,1024.722,-0.000696324
14.0133674,-0.00087411,365.1114,1024.722,-0.00087411
14.0576948,-0.00087411,374.0538,1034.642,-0.00087411
14.1025394,-0.000518538,376.041,1034.642,-0.000518538
14.1471703,-0.000696324,384.9834,1043.57,-0.000696324
14.1925276,-0.000518538,387.9642,1041.586,-0.000518538
14.2379882,-0.000518538,395.913,1049.522,-0.000518538
14.2824706,-0.000696324,404.8554,1056.466,-0.000696324
14.3278929,-0.000696324,405.849,1059.442,-0.000696324
14.4166408,-0.000696324,415.785,1065.394,-0.000696324
14.4619489,-0.00087411,416.7786,1067.378,-0.00087411
14.507801,-0.000696324,424.7274,1074.322,-0.000696324
14.5539535,-0.000696324,426.7146,1073.33,-0.000696324
14.5972293,-0.00087411,433.6698,1079.282,-0.00087411
14.7331357,-0.001051896,435.657,1080.274,-0.001051896
14.7510978,-0.000696324,444.5994,1087.218,-0.000696324
14.7522602,-0.000518538,445.593,1088.21,-0.000518538
14.7777024,-0.000696324,454.5354,1097.138,-0.000696324
14.9137393,-0.000696324,455.529,1097.138,-0.000696324
14.9567674,-0.000696324,463.4778,1102.098,-0.000696324
14.9710768,-0.001051896,464.4714,1104.082,-0.001051896
15.0021419,-0.000696324,464.4714,1104.082,-0.000696324
15.0472418,-0.000518538,472.4202,1110.034,-0.000518538
15.0925865,-0.000696324,474.4074,1113.01,-0.000696324
15.1370869,-0.000696324,482.3562,1118.962,-0.000696324
15.1822746,-0.000696324,489.3114,1125.906,-0.000696324
15.2266396,-0.000696324,492.2922,1127.89,-0.000696324
15.3165661,-0.00087411,499.2474,1136.818,-0.00087411
15.3622196,-0.00087411,500.241,1135.826,-0.00087411
15.4067245,-0.000518538,506.2026,1140.786,-0.000518538
15.4532579,-0.000696324,506.2026,1141.778,-0.000696324
15.4967445,-0.000696324,516.1386,1147.73,-0.000696324
15.5418887,-0.000696324,517.1322,1149.714,-0.000696324
15.5866371,-0.000696324,524.0874,1157.65,-0.000696324
15.632026,-0.000696324,531.0426,1163.602,-0.000696324
15.6768849,-0.000696324,532.0362,1165.586,-0.000696324
15.7672035,-0.000518538,540.9786,1173.522,-0.000518538
15.8128845,-0.00087411,540.9786,1172.53,-0.00087411
15.9022157,-0.000696324,545.9466,1181.458,-0.000696324
15.9157686,-0.00087411,545.9466,1180.466,-0.00087411
15.9466249,-0.000518538,554.889,1186.418,-0.000518538
15.9925936,-0.000518538,555.8826,1186.418,-0.000518538
16.037461,-0.000696324,562.8378,1195.346,-0.000696324
16.0821236,-0.00087411,570.7866,1201.298,-0.00087411
16.1267886,-0.00087411,571.7802,1205.266,-0.00087411
16.2179348,-0.000696324,570.7866,1205.266,-0.000696324
16.3080762,-0.000696324,569.793,1202.29,-0.000696324
16.3116193,-0.00087411,576.7482,1208.242,-0.00087411
16.3529991,-0.00087411,576.7482,1209.234,-0.00087411
16.3972705,-0.000696324,586.6842,1216.178,-0.000696324
16.4425698,-0.000696324,584.697,1221.138,-0.000696324
16.4868398,-0.000696324,594.633,1227.09,-0.000696324
16.5766186,-0.00087411,599.601,1236.018,-0.00087411
16.5899117,-0.000696324,599.601,1234.034,-0.000696324
16.6668414,-0.00087411,605.5626,1241.97,-0.00087411
16.7120913,-0.000696324,606.5562,1241.97,-0.000696324
16.7568184,-0.000696324,610.5306,1247.922,-0.000696324
16.8022338,-0.00087411,611.5242,1249.906,-0.00087411
16.8466201,-0.000518538,621.4602,1256.85,-0.000518538
16.8927151,-0.000696324,619.473,1258.834,-0.000696324
16.9373085,-0.000696324,625.4346,1264.786,-0.000696324
17.0270767,-0.000696324,633.3834,1270.738,-0.000696324
17.0721581,-0.00087411,632.3898,1276.69,-0.00087411
17.116985,-0.000518538,633.3834,1274.706,-0.000518538
17.161782,-0.000696324,637.3578,1283.634,-0.000696324
17.2516766,-0.001051896,638.3514,1280.658,-0.001051896
17.2651653,-0.000696324,644.313,1288.594,-0.000696324
17.2972428,-0.000518538,642.3258,1286.61,-0.000518538
17.3417388,-0.000696324,651.2682,1297.522,-0.000696324
17.4317124,-0.001051896,652.2618,1298.514,-0.001051896
17.4768848,-0.000696324,658.2234,1303.474,-0.000696324
17.4909428,-0.00087411,655.2426,1307.442,-0.00087411
17.5664563,-0.000518538,663.1914,1312.402,-0.000518538
17.6130115,-0.000696324,663.1914,1312.402,-0.000696324
17.6573521,-0.00087411,669.153,1319.346,-0.00087411
17.703586,-0.00087411,667.1658,1321.33,-0.00087411
17.7470507,-0.00087411,675.1146,1330.258,-0.00087411
17.8369311,-0.000518538,673.1274,1329.266,-0.000518538
17.8494804,-0.00087411,680.0826,1336.21,-0.00087411
17.8817759,-0.000518538,680.0826,1340.178,-0.000518538
17.9719119,-0.000696324,684.057,1343.154,-0.000696324
18.0619658,-0.00087411,684.057,1349.106,-0.00087411
18.0759118,-0.000696324,683.0634,1343.154,-0.000696324
18.1072466,-0.000696324,681.0762,1344.146,-0.000696324
18.152077,-0.00087411,687.0378,1351.09,-0.00087411
18.1979148,-0.000518538,686.0442,1350.098,-0.000518538
18.2426031,-0.000518538,693.993,1358.034,-0.000518538
18.2872007,-0.001051896,692.0058,1360.018,-0.001051896
18.3319558,-0.00087411,697.9674,1369.938,-0.00087411
18.3773656,-0.00087411,703.929,1377.874,-0.00087411
18.4692556,-0.00087411,702.9354,1377.874,-0.00087411
18.5126264,-0.000518538,709.8906,1382.834,-0.000518538
18.5582895,-0.000518538,704.9226,1386.802,-0.000518538
18.6019197,-0.00087411,711.8778,1389.778,-0.00087411
18.6472728,-0.000696324,711.8778,1392.754,-0.000696324
18.7836137,-0.00087411,709.8906,1389.778,-0.00087411
18.78813,-0.000696324,714.8586,1397.714,-0.000696324
18.8276098,-0.000518538,713.865,1402.674,-0.000518538
18.840783,-0.000696324,717.8394,1406.642,-0.000696324
18.9192182,-0.000696324,716.8458,1411.602,-0.000696324
19.0084834,-0.000696324,721.8138,1413.586,-0.000696324
19.0280199,-0.00087411,721.8138,1416.562,-0.00087411
19.0526373,-0.00087411,719.8266,1415.57,-0.00087411
19.0977176,-0.000696324,723.801,1422.514,-0.000696324
19.142865,-0.000696324,722.8074,1423.506,-0.000696324
19.1878914,-0.000518538,728.769,1431.442,-0.000518538
19.232924,-0.001051896,732.7434,1439.378,-0.001051896
19.2780281,-0.000696324,731.7498,1441.362,-0.000696324
19.3683463,-0.000696324,735.7242,1451.282,-0.000696324
19.413278,-0.00087411,735.7242,1446.322,-0.00087411
19.4583747,-0.00087411,737.7114,1455.25,-0.00087411
19.5037756,-0.000696324,737.7114,1455.25,-0.000696324
19.5484642,-0.00087411,740.6922,1461.202,-0.00087411
19.6381191,-0.00087411,739.6986,1465.17,-0.00087411
19.6533611,-0.00087411,736.7178,1464.178,-0.00087411
19.6825436,-0.000696324,742.6794,1469.138,-0.000696324
19.7733616,-0.00087411,746.6538,1481.042,-0.00087411
19.8186827,-0.000696324,743.673,1483.026,-0.000696324
19.9085846,-0.000340752,749.6346,1485.01,-0.000340752
19.9130421,-0.000696324,745.6602,1490.962,-0.000696324
19.9569963,-0.00087411,743.673,1487.986,-0.00087411
20.0435879,-0.000696324,745.6602,1493.938,-0.000696324
20.0877787,-0.000696324,745.6602,1497.906,-0.000696324
20.1325043,-0.000518538,745.6602,1497.906,-0.000518538
20.1410117,-0.000696324,748.641,1501.874,-0.000696324
20.1775045,-0.000696324,747.6474,1506.834,-0.000696324
20.2686071,-0.000696324,751.6218,1513.778,-0.000696324
20.3131251,-0.00087411,749.6346,1510.802,-0.00087411
20.3583682,-0.000696324,753.609,1517.746,-0.000696324
20.4027011,-0.000696324,751.6218,1517.746,-0.000696324
20.4482508,-0.000518538,756.5898,1523.698,-0.000518538
20.4928214,-0.001051896,753.609,1526.674,-0.001051896
20.5382492,-0.00087411,759.5706,1532.626,-0.00087411
20.5833926,-0.000518538,763.545,1543.538,-0.000518538
20.6278566,-0.000518538,763.545,1546.514,-0.000518538
20.7185676,-0.00087411,761.5578,1542.546,-0.00087411
20.7634751,-0.000696324,760.5642,1544.53,-0.000696324
20.808125,-0.000518538,748.641,1537.586,-0.000518538
20.8539775,-0.00087411,748.641,1534.61,-0.00087411
20.8983412,-0.000696324,738.705,1525.682,-0.000696324
20.9878982,-0.00087411,737.7114,1526.674,-0.00087411
20.9901799,-0.00087411,730.7562,1514.77,-0.00087411
21.0342549,-0.00087411,722.8074,1507.826,-0.00087411
21.0783648,-0.000696324,721.8138,1513.778,-0.000696324
21.168493,-0.00087411,713.865,1505.842,-0.00087411
21.2136985,-0.00087411,712.8714,1499.89,-0.00087411
21.258274,-0.00087411,704.9226,1492.946,-0.00087411
21.3034282,-0.00087411,702.9354,1494.93,-0.00087411
21.3488538,-0.001051896,704.9226,1493.938,-0.001051896
21.3930051,-0.000696324,697.9674,1484.018,-0.000696324
21.4393868,-0.001229682,697.9674,1486.994,-0.001229682
21.4828051,-0.000696324,691.0122,1481.042,-0.000696324
21.573671,-0.000696324,683.0634,1472.114,-0.000696324
21.619161,-0.00087411,685.0506,1477.074,-0.00087411
21.6634092,-0.000696324,677.1018,1459.218,-0.000696324
21.7091827,-0.00087411,678.0954,1462.194,-0.00087411
21.7532825,-0.00087411,670.1466,1455.25,-0.00087411
21.7987118,-0.000696324,671.1402,1453.266,-0.000696324
21.8434996,-0.000518538,664.185,1446.322,-0.000518538
21.8882903,-0.000696324,664.185,1449.298,-0.000696324
21.9340158,-0.000696324,658.2234,1438.386,-0.000696324
21.9778166,-0.00087411,658.2234,1441.362,-0.00087411
22.0682808,-0.000696324,654.249,1434.418,-0.000696324
22.1142387,-0.000696324,652.2618,1429.458,-0.000696324
22.1584512,-0.00087411,647.2938,1421.522,-0.00087411
22.2040312,-0.000696324,646.3002,1422.514,-0.000696324
22.2480499,-0.000518538,641.3322,1413.586,-0.000518538
22.2943137,-0.000696324,642.3258,1411.602,-0.000696324
22.3384691,-0.000696324,635.3706,1405.65,-0.000696324
22.3841598,-0.000696324,629.409,1400.69,-0.000696324
22.4276996,-0.00087411,630.4026,1401.682,-0.00087411
22.5241534,-0.000696324,630.4026,1402.674,-0.000696324
22.5635604,-0.00087411,626.4282,1389.778,-0.00087411
22.6084786,-0.000696324,625.4346,1395.73,-0.000696324
22.6542125,-0.000518538,625.4346,1390.77,-0.000518538
22.6968616,-0.000696324,621.4602,1382.834,-0.000696324
22.7435093,-0.000340752,621.4602,1383.826,-0.000340752
22.7880419,-0.000696324,614.505,1372.914,-0.000696324
22.833893,-0.000696324,608.5434,1366.962,-0.000696324
22.8779398,-0.000696324,608.5434,1371.922,-0.000696324
22.9683317,-0.000696324,602.5818,1361.01,-0.000696324
23.0137559,-0.000696324,604.569,1360.018,-0.000696324
23.0574915,-0.00087411,596.6202,1351.09,-0.00087411
23.1034809,-0.000696324,598.6074,1352.082,-0.000696324
23.1535195,-0.001229682,592.6458,1344.146,-0.001229682
23.1928462,-0.000518538,594.633,1347.122,-0.000518538
23.2375031,-0.00087411,588.6714,1336.21,-0.00087411
23.2829416,-0.001051896,581.7162,1328.274,-0.001051896
23.3280527,-0.00087411,581.7162,1333.234,-0.00087411
23.4177333,-0.00087411,576.7482,1317.362,-0.00087411
23.4626072,-0.00087411,577.7418,1320.338,-0.00087411
23.5077698,-0.000696324,569.793,1313.394,-0.000696324
23.553148,-0.001051896,569.793,1313.394,-0.001051896
23.598169,-0.00087411,566.8122,1305.458,-0.00087411
23.6428286,-0.00087411,567.8058,1305.458,-0.00087411
23.6882856,-0.00087411,560.8506,1295.538,-0.00087411
23.7326544,-0.000696324,553.8954,1291.57,-0.000696324
23.7778052,-0.000696324,554.889,1293.554,-0.000696324
23.8679451,-0.001051896,547.9338,1282.642,-0.001051896
23.9123806,-0.00087411,548.9274,1284.626,-0.00087411
23.9577409,-0.000696324,548.9274,1280.658,-0.000696324
24.0030515,-0.000696324,543.9594,1273.714,-0.000696324
24.0629644,-0.000518538,546.9402,1271.73,-0.000518538
24.0923774,-0.00087411,538.9914,1262.802,-0.00087411
24.1823974,-0.000696324,540.9786,1264.786,-0.000696324
24.1892126,-0.00087411,535.017,1258.834,-0.00087411
24.2725805,-0.000696324,529.0554,1249.906,-0.000696324
24.3190854,-0.000696324,528.0618,1251.89,-0.000696324
24.3630514,-0.000518538,524.0874,1240.978,-0.000518538
24.4090785,-0.000696324,523.0938,1243.954,-0.000696324
24.453076,-0.000696324,518.1258,1234.034,-0.000696324
24.4988806,-0.000696324,518.1258,1236.018,-0.000696324
24.5430335,-0.00087411,513.1578,1226.098,-0.00087411
24.5889513,-0.00087411,514.1514,1227.09,-0.00087411
24.6334033,-0.000340752,506.2026,1217.17,-0.000340752
24.7232037,-0.000696324,499.2474,1211.218,-0.000696324
24.7689109,-0.00087411,501.2346,1213.202,-0.00087411
24.8130712,-0.000696324,495.273,1204.274,-0.000696324
24.8593456,-0.000696324,496.2666,1203.282,-0.000696324
24.9031879,-0.000696324,488.3178,1195.346,-0.000696324
24.9489801,-0.000696324,491.2986,1193.362,-0.000696324
24.9922576,-0.000518538,484.3434,1188.402,-0.000518538
25.0368102,-0.000696324,485.337,1189.394,-0.000696324
25.1273812,-0.000518538,479.3754,1182.45,-0.000518538
25.1733279,-0.000696324,478.3818,1180.466,-0.000696324
25.263561,-0.00087411,479.3754,1184.434,-0.00087411
25.269931,-0.000696324,474.4074,1173.522,-0.000696324
25.3086007,-0.000696324,474.4074,1171.538,-0.000696324
25.3531998,-0.000696324,468.4458,1165.586,-0.000696324
25.3969608,-0.000696324,469.4394,1166.578,-0.000696324
25.4418055,-0.000518538,464.4714,1156.658,-0.000518538
25.4869327,-0.000696324,463.4778,1157.65,-0.000696324
25.5319776,-0.000696324,457.5162,1149.714,-0.000696324
25.6218954,-0.000518538,450.561,1142.77,-0.000518538
25.7116991,-0.000696324,451.5546,1144.754,-0.000696324
25.7144493,-0.000518538,444.5994,1135.826,-0.000518538
25.7569567,-0.00087411,445.593,1133.842,-0.00087411
25.8022406,-0.00087411,438.6378,1127.89,-0.00087411
25.8470025,-0.000696324,440.625,1125.906,-0.000696324
25.8919442,-0.000696324,434.6634,1117.97,-0.000696324
25.9371153,-0.00087411,432.6762,1119.954,-0.00087411
25.9820725,-0.000518538,428.7018,1111.026,-0.000518538
26.0713994,-0.000518538,422.7402,1103.09,-0.000518538
26.1169537,-0.000696324,422.7402,1104.082,-0.000696324
26.1615498,-0.000340752,414.7914,1096.146,-0.000340752
26.2084728,-0.000518538,416.7786,1096.146,-0.000518538
26.2517837,-0.000696324,410.817,1088.21,-0.000696324
26.2969541,-0.000162966,409.8234,1085.234,-0.000162966
26.3415876,-0.000696324,403.8618,1081.266,-0.000696324
26.3874353,-0.000518538,404.8554,1079.282,-0.000518538
26.433183,-0.000518538,398.8938,1071.346,-0.000518538
26.5233567,-0.000696324,391.9386,1064.402,-0.000696324
26.5690081,-0.000518538,390.945,1066.386,-0.000518538
26.6136207,-0.000696324,385.977,1058.45,-0.000696324
26.6591671,-0.000518538,385.977,1057.458,-0.000518538
26.7026335,-0.000696324,379.0218,1048.53,-0.000696324
26.7484358,-0.000340752,380.0154,1049.522,-0.000340752
26.7941946,-0.000696324,381.009,1048.53,-0.000696324
26.8385372,-0.00087411,375.0474,1040.594,-0.00087411
26.8840596,-0.000518538,368.0922,1034.642,-0.000518538
26.9281726,-0.000696324,369.0858,1034.642,-0.000696324
27.0181812,-0.000696324,363.1242,1026.706,-0.000696324
27.0641061,-0.000696324,362.1306,1024.722,-0.000696324
27.1067514,-0.00087411,355.1754,1018.77,-0.00087411
27.1527303,-0.000518538,355.1754,1017.778,-0.000518538
27.1976248,-0.000696324,349.2138,1011.826,-0.000696324
27.2439435,-0.000696324,350.2074,1010.834,-0.000696324
27.2883229,-0.000696324,343.2522,1000.914,-0.000696324
27.3337497,-0.00087411,338.2842,994.962,-0.00087411
27.3784276,-0.000518538,338.2842,995.954,-0.000518538
27.4686872,-0.000696324,331.329,987.026,-0.000696324
27.5129102,-0.00087411,331.329,989.01,-0.00087411
27.5605267,-0.000518538,324.3738,979.09,-0.000518538
27.6463957,-0.00087411,324.3738,981.074,-0.00087411
27.6919932,-0.000518538,318.4122,971.154,-0.000518538
27.6943899,-0.000696324,319.4058,972.146,-0.000696324
27.7816211,-0.000696324,319.4058,972.146,-0.000696324
27.7891698,-0.00087411,312.4506,963.218,-0.00087411
27.871318,-0.00087411,307.4826,956.274,-0.00087411
27.9172939,-0.000696324,306.489,956.274,-0.000696324
27.9615726,-0.000518538,304.5018,947.346,-0.000518538
28.0070887,-0.000518538,304.5018,947.346,-0.000518538
28.051706,-0.000696324,304.5018,939.41,-0.000696324
28.0969311,-0.000518538,304.5018,939.41,-0.000518538
28.1433972,-0.000696324,304.5018,933.458,-0.000696324
28.1870338,-0.000696324,304.5018,932.466,-0.000696324
28.2317832,-0.000696324,303.5082,926.514,-0.000696324
28.3222448,-0.000518538,304.5018,917.586,-0.000518538
28.366548,-0.000696324,303.5082,918.578,-0.000696324
28.4117718,-0.000518538,304.5018,917.586,-0.000518538
28.4565244,-0.000696324,303.5082,910.642,-0.000696324
28.5019674,-0.000518538,304.5018,909.65,-0.000518538
28.5485136,-0.000518538,303.5082,902.706,-0.000518538
28.5920871,-0.00087411,303.5082,903.698,-0.00087411
28.6364966,-0.000696324,304.5018,897.746,-0.000696324
28.6819219,-0.000696324,304.5018,888.818,-0.000696324
28.7269467,-0.000696324,303.5082,889.81,-0.000696324
28.8185263,-0.000696324,304.5018,880.882,-0.000696324
28.8643841,-0.000518538,304.5018,880.882,-0.000518538
28.9083975,-0.000340752,304.5018,873.938,-0.000340752
28.9541851,-0.000518538,305.4954,873.938,-0.000518538
28.997471,-0.000696324,304.5018,866.002,-0.000696324
29.0434853,-0.000340752,304.5018,866.002,-0.000340752
29.0892517,-0.000518538,304.5018,865.01,-0.000518538
29.1332142,-0.000162966,304.5018,859.058,-0.000162966
29.2230755,-0.000518538,303.5082,850.13,-0.000518538
29.2690418,-0.000696324,304.5018,850.13,-0.000696324
29.3130411,-0.000696324,305.4954,841.202,-0.000696324
29.3590276,-0.000518538,304.5018,844.178,-0.000518538
29.4032634,-0.000518538,303.5082,836.242,-0.000518538
29.4487931,-0.00087411,304.5018,835.25,-0.00087411
29.4930098,-0.000518538,303.5082,827.314,-0.000518538
29.5388628,-0.000340752,305.4954,829.298,-0.000340752
29.5831628,-0.000696324,304.5018,819.378,-0.000696324
29.6285086,-0.000696324,303.5082,821.362,-0.000696324
29.7184141,-0.000518538,303.5082,813.426,-0.000518538
29.807797,-0.000696324,304.5018,813.426,-0.000696324
29.8130772,-0.000340752,302.5146,804.498,-0.000340752
29.8537017,-0.000696324,304.5018,805.49,-0.000696324
29.8991111,-0.00087411,304.5018,802.514,-0.00087411
29.9433427,-0.000340752,304.5018,796.562,-0.000340752
29.9885735,-0.000696324,304.5018,798.546,-0.000696324
30.0331672,-0.000518538,304.5018,790.61,-0.000518538
30.1235616,-0.000340752,304.5018,781.682,-0.000340752
30.1682719,-0.000518538,304.5018,781.682,-0.000518538
30.2140432,-0.000518538,305.4954,782.674,-0.000518538
30.2583744,-0.000340752,303.5082,773.746,-0.000340752
30.3036009,-0.000518538,304.5018,773.746,-0.000518538
30.3481938,-0.000696324,303.5082,765.81,-0.000696324
30.3929427,-0.000696324,304.5018,766.802,-0.000696324
30.4398049,-0.000518538,303.5082,765.81,-0.000518538
30.4822268,-0.000696324,304.5018,757.874,-0.000696324
30.5717192,-0.000518538,304.5018,751.922,-0.000518538
30.6169065,-0.000518538,304.5018,750.93,-0.000518538
30.6613146,-0.000518538,304.5018,744.978,-0.000518538
30.7070914,-0.000162966,303.5082,743.986,-0.000162966
30.7518588,-0.000340752,303.5082,736.05,-0.000340752
30.7968103,-0.000696324,304.5018,735.058,-0.000696324
30.8421637,-0.000340752,304.5018,728.114,-0.000340752
30.8867626,-0.000518538,304.5018,728.114,-0.000518538
30.9314042,-0.000518538,303.5082,720.178,-0.000518538
31.0218427,-0.000518538,304.5018,713.234,-0.000518538
31.0670924,-0.000340752,303.5082,714.226,-0.000340752
31.1114655,-0.000340752,303.5082,707.282,-0.000340752
31.1587676,-0.000518538,304.5018,706.29,-0.000518538
31.2017218,-0.000340752,303.5082,697.362,-0.000340752
31.2470492,-0.000696324,305.4954,699.346,-0.000696324
31.2916372,-0.000340752,303.5082,692.402,-0.000340752
31.3367472,-0.000340752,304.5018,692.402,-0.000340752
31.3818026,-0.000162966,305.4954,682.482,-0.000162966
31.4715015,-0.000340752,304.5018,676.53,-0.000340752
31.5166573,-0.000518538,304.5018,675.538,-0.000518538
31.5617188,-0.000518538,304.5018,667.602,-0.000518538
31.6069724,-0.000340752,303.5082,667.602,-0.000340752
31.6532562,-0.000518538,303.5082,660.658,-0.000518538
31.6981856,-0.000518538,303.5082,658.674,-0.000518538
31.7439892,-0.000162966,303.5082,652.722,-0.000162966
31.788746,-0.000518538,304.5018,644.786,-0.000518538
31.8329311,-0.000518538,303.5082,645.778,-0.000518538
31.9237858,-0.000340752,305.4954,637.842,-0.000340752
32.0133459,-0.000696324,304.5018,636.85,-0.000696324
32.0180235,-0.000518538,304.5018,630.898,-0.000518538
32.0776094,-0.000340752,304.5018,629.906,-0.000340752
32.102264,-0.000696324,304.5018,623.954,-0.000696324
32.1476161,-0.000518538,304.5018,620.978,-0.000518538
32.1922575,-0.000340752,305.4954,613.042,-0.000340752
32.2388166,-0.000340752,304.5018,607.09,-0.000340752
32.2833681,-0.000518538,303.5082,607.09,-0.000518538
32.3714044,-0.000340752,304.5018,599.154,-0.000340752
32.4182329,-0.000340752,304.5018,598.162,-0.000340752
32.4624323,-0.000340752,303.5082,592.21,-0.000340752
32.5074879,-0.000340752,304.5018,591.218,-0.000340752
32.5526123,-0.000340752,304.5018,584.274,-0.000340752
32.6028214,-0.000518538,304.5018,584.274,-0.000518538
32.6421677,-0.000518538,303.5082,577.33,-0.000518538
32.6911682,-0.000340752,304.5018,576.338,-0.000340752
32.732441,-0.000340752,303.5082,568.402,-0.000340752
32.7776833,-0.000518538,303.5082,570.386,-0.000518538
32.8667492,-0.000518538,303.5082,561.458,-0.000518538
32.9121912,-0.000162966,304.5018,561.458,-0.000162966
32.9575323,-0.000518538,303.5082,553.522,-0.000518538
33.0041874,-0.000340752,303.5082,553.522,-0.000340752
33.0483151,-0.000162966,304.5018,546.578,-0.000162966
33.0931854,-0.000518538,304.5018,545.586,-0.000518538
33.1370178,-0.000340752,303.5082,539.634,-0.000340752
33.1826465,-0.000518538,304.5018,530.706,-0.000518538
33.2278499,-0.000518538,303.5082,531.698,-0.000518538
33.3175052,-0.000340752,303.5082,522.77,-0.000340752
33.3632678,-0.000340752,304.5018,524.754,-0.000340752
33.4071724,-0.000518538,304.5018,516.818,-0.000518538
33.4525499,-0.000696324,305.4954,516.818,-0.000696324
33.4978622,-0.000162966,304.5018,508.882,-0.000162966
33.5422271,-0.000340752,304.5018,506.898,-0.000340752
33.5876745,-0.000518538,303.5082,500.946,-0.000518538
33.6330756,-0.000340752,303.5082,493.01,-0.000340752
33.6767812,-0.000340752,304.5018,494.002,-0.000340752
33.7686339,-0.000162966,304.5018,486.066,-0.000162966
33.8140447,-0.000162966,302.5146,485.074,-0.000162966
33.8580947,-0.000340752,303.5082,478.13,-0.000340752
33.904102,-0.000340752,304.5018,477.138,-0.000340752
33.9481568,1.48E-05,304.5018,470.194,1.48E-05
33.9935838,1.48E-05,304.5018,470.194,1.48E-05
34.0377672,-0.000162966,304.5018,462.258,-0.000162966
34.0831293,-0.000162966,304.5018,464.242,-0.000162966
34.1736628,-0.000162966,304.5018,455.314,-0.000162966
34.2191919,-0.000518538,304.5018,455.314,-0.000518538
34.2628506,-0.000340752,304.5018,447.378,-0.000340752
34.306789,-0.000340752,303.5082,448.37,-0.000340752
34.3521973,-0.000162966,304.5018,448.37,-0.000162966
34.3978537,1.48E-05,303.5082,439.442,1.48E-05
34.4442476,-0.000518538,304.5018,439.442,-0.000518538
34.4882386,1.48E-05,304.5018,433.49,1.48E-05
34.5339434,1.48E-05,304.5018,424.562,1.48E-05
34.5779391,-0.000162966,304.5018,425.554,-0.000162966
34.6685405,0.000192606,304.5018,418.61,0.000192606
34.7134647,1.48E-05,304.5018,417.618,1.48E-05
34.7576823,0.000192606,304.5018,408.69,0.000192606
34.8033518,1.48E-05,304.5018,410.674,1.48E-05
34.8480247,0.000192606,305.4954,402.738,0.000192606
34.8937587,0.000548178,304.5018,401.746,0.000548178
34.937427,0.000192606,304.5018,393.81,0.000192606
34.983881,0.000548178,303.5082,386.866,0.000548178
35.0280999,0.000548178,304.5018,386.866,0.000548178
35.1220149,0.000548178,303.5082,378.93,0.000548178
35.2079976,0.000725964,304.5018,378.93,0.000725964
35.2531515,0.000725964,303.5082,372.978,0.000725964
35.2595305,0.001081536,303.5082,372.978,0.001081536
35.297712,0.001259322,304.5018,372.978,0.001259322
35.3431504,0.001614894,304.5018,364.05,0.001614894
35.3890438,0.001259322,304.5018,357.106,0.001259322
35.4331684,0.001437108,304.5018,358.098,0.001437108
35.5232673,0.00179268,304.5018,348.178,0.00179268
35.5687345,0.001970466,304.5018,349.17,0.001970466
35.6126338,0.001970466,304.5018,340.242,0.001970466
35.6571911,0.002326038,303.5082,340.242,0.002326038
35.7015853,0.00268161,303.5082,333.298,0.00268161
35.7476372,0.002859396,303.5082,333.298,0.002859396
35.7932901,0.003392754,303.5082,326.354,0.003392754
35.8383034,0.00357054,304.5018,317.426,0.00357054
35.8832157,0.003926112,304.5018,319.41,0.003926112
35.9727927,0.004281684,303.5082,310.482,0.004281684
36.0187072,0.004637256,304.5018,310.482,0.004637256
36.0633197,0.004815042,303.5082,303.538,0.004815042
36.1085522,0.0053484,303.5082,303.538,0.0053484
36.1532722,0.005703972,304.5018,296.594,0.005703972
36.1981062,0.006059544,303.5082,296.594,0.006059544
36.2426658,0.006592902,304.5018,288.658,0.006592902
36.2888084,0.006770688,302.5146,280.722,0.006770688
36.3328371,0.006770688,304.5018,280.722,0.006770688
36.4231509,0.007304046,304.5018,272.786,0.007304046
36.4690471,0.007481832,305.4954,273.778,0.007481832
36.5125722,0.007659618,304.5018,266.834,0.007659618
36.5578662,0.007837404,303.5082,265.842,0.007837404
36.604131,0.008192976,304.5018,265.842,0.008192976
36.6481046,0.008192976,304.5018,258.898,0.008192976
36.6935538,0.008548548,304.5018,257.906,0.008548548
36.7381399,0.008548548,303.5082,250.962,0.008548548
36.78383,0.008192976,305.4954,243.026,0.008192976
36.8734996,0.008192976,304.5018,244.018,0.008192976
36.9184566,0.008726334,304.5018,244.018,0.008726334
36.9633497,0.008726334,303.5082,235.09,0.008726334
37.008932,0.008370762,303.5082,236.082,0.008370762
37.053412,0.008548548,304.5018,228.146,0.008548548
37.0991724,0.008726334,303.5082,227.154,0.008726334
37.1428362,0.008548548,304.5018,220.21,0.008548548
37.1874741,0.008192976,303.5082,213.266,0.008192976
37.2331477,0.007837404,304.5018,212.274,0.007837404
37.322873,0.007659618,304.5018,204.338,0.007659618
37.3677978,0.007481832,303.5082,205.33,0.007481832
37.4131328,0.007659618,304.5018,197.394,0.007659618
37.4593872,0.00712626,304.5018,197.394,0.00712626
37.5030006,0.007304046,304.5018,190.45,0.007304046
37.5488785,0.006770688,305.4954,190.45,0.006770688
37.5932552,0.006770688,304.5018,182.514,0.006770688
37.6429043,0.00623733,304.5018,173.586,0.00623733
37.6826102,0.006059544,304.5018,173.586,0.006059544
37.7743454,0.005881758,304.5018,174.578,0.005881758
37.8179798,0.006059544,304.5018,166.642,0.006059544
37.8642509,0.005881758,303.5082,166.642,0.005881758
37.9083679,0.005526186,303.5082,158.706,0.005526186
37.9540822,0.0053484,303.5082,159.698,0.0053484
37.9980883,0.004815042,304.5018,151.762,0.004815042
38.0438857,0.004815042,303.5082,151.762,0.004815042
38.0884465,0.00445947,304.5018,144.818,0.00445947
38.1341615,0.003926112,304.5018,137.874,0.003926112
38.2246719,0.003748326,304.5018,136.882,0.003748326
38.2677901,0.003392754,304.5018,128.946,0.003392754
38.3143545,0.00357054,304.5018,129.938,0.00357054
38.3579438,0.003214968,304.5018,122.002,0.003214968
38.4037801,0.003037182,303.5082,122.002,0.003037182
38.4476288,0.003214968,303.5082,114.066,0.003214968
38.4930944,0.002503824,304.5018,114.066,0.002503824
38.5390839,0.002326038,304.5018,106.13,0.002326038
38.5830891,0.001970466,304.5018,106.13,0.001970466
38.6733275,0.001970466,304.5018,99.186,0.001970466
38.7191826,0.001614894,304.5018,99.186,0.001614894
38.7627359,0.001437108,303.5082,90.258,0.001437108
38.8080994,0.001437108,304.5018,90.258,0.001437108
38.8543798,0.001437108,303.5082,90.258,0.001437108
38.8980753,0.001081536,303.5082,83.314,0.001081536
38.9436655,0.001259322,304.5018,84.306,0.001259322
38.9878449,0.001081536,304.5018,76.37,0.001081536
39.0341733,0.00090375,303.5082,68.434,0.00090375
39.1233431,0.000548178,303.5082,69.426,0.000548178
39.1689932,0.000370392,304.5018,69.426,0.000370392
39.2129815,0.000370392,303.5082,59.506,0.000370392
39.2575476,0.000548178,303.5082,60.498,0.000548178
39.3025166,0.000192606,304.5018,53.554,0.000192606
39.3484163,0.000370392,304.5018,52.562,0.000370392
39.3918745,1.48E-05,303.5082,45.618,1.48E-05
39.4376926,1.48E-05,303.5082,38.674,1.48E-05
39.4820195,1.48E-05,304.5018,37.682,1.48E-05
39.5715114,1.48E-05,304.5018,29.746,1.48E-05
39.6169519,-0.000162966,304.5018,30.738,-0.000162966
39.6613948,-0.000162966,304.5018,22.802,-0.000162966
39.7069576,-0.000162966,303.5082,22.802,-0.000162966
39.7520604,-0.000340752,304.5018,15.858,-0.000340752
39.797898,-0.000340752,304.5018,15.858,-0.000340752
39.8427085,-0.000340752,304.5018,11.89,-0.000340752
39.8876299,-0.000696324,305.4954,11.89,-0.000696324
39.9328132,-0.000340752,304.5018,11.89,-0.000340752
40.0227973,-0.000340752,305.4954,11.89,-0.000340752
40.0669563,-0.000518538,304.5018,11.89,-0.000518538
40.1120243,-0.000340752,304.5018,11.89,-0.000340752
40.1574786,-0.000340752,303.5082,11.89,-0.000340752
40.2024932,-0.000518538,303.5082,11.89,-0.000518538
40.2468054,-0.000518538,304.5018,11.89,-0.000518538
40.2916288,1.48E-05,304.5018,11.89,1.48E-05
40.3375084,-0.000340752,304.5018,11.89,-0.000340752
40.3826343,-0.000162966,304.5018,11.89,-0.000162966
40.472896,-0.000518538,303.5082,11.89,-0.000518538
40.5177592,-0.000518538,303.5082,11.89,-0.000518538
40.5619667,-0.000340752,304.5018,11.89,-0.000340752
40.6074293,-0.000518538,304.5018,11.89,-0.000518538
40.6520698,-0.000162966,305.4954,11.89,-0.000162966
40.6970629,-0.000696324,303.5082,11.89,-0.000696324
40.7428037,-0.000340752,304.5018,11.89,-0.000340752
40.7872697,-0.000340752,304.5018,11.89,-0.000340752
40.8326336,-0.000518538,303.5082,11.89,-0.000518538
40.9232049,-0.000340752,304.5018,11.89,-0.000340752
40.9678351,-0.000340752,304.5018,11.89,-0.000340752
41.012451,-0.000340752,304.5018,11.89,-0.000340752
41.0568457,-0.000340752,304.5018,11.89,-0.000340752
41.1026172,-0.000340752,304.5018,11.89,-0.000340752
41.1477391,-0.000518538,304.5018,11.89,-0.000518538
41.192599,-0.000518538,305.4954,11.89,-0.000518538
41.2373665,-0.000340752,303.5082,11.89,-0.000340752
41.2819016,-0.000340752,304.5018,11.89,-0.000340752
41.3731384,-0.000340752,304.5018,11.89,-0.000340752
41.4169909,-0.000340752,304.5018,11.89,-0.000340752
41.4620171,-0.000696324,303.5082,11.89,-0.000696324
41.5066505,-0.000518538,303.5082,11.89,-0.000518538
41.552124,-0.000518538,304.5018,11.89,-0.000518538
41.5969819,-0.000696324,304.5018,11.89,-0.000696324
41.6420205,-0.000162966,304.5018,11.89,-0.000162966
41.6869617,-0.000696324,304.5018,11.89,-0.000696324
41.7332046,-0.000340752,305.4954,11.89,-0.000340752
41.8229549,-0.000340752,304.5018,11.89,-0.000340752
41.8667902,-0.000518538,304.5018,11.89,-0.000518538
41.9118254,-0.000518538,303.5082,11.89,-0.000518538
41.9572274,-0.000340752,304.5018,11.89,-0.000340752
42.0027296,-0.000340752,303.5082,11.89,-0.000340752
42.0476946,-0.000340752,303.5082,11.89,-0.000340752
42.0923089,-0.000696324,303.5082,11.89,-0.000696324
42.1376093,-0.000340752,305.4954,11.89,-0.000340752
42.1827619,-0.000340752,304.5018,11.89,-0.000340752
42.2732418,-0.000696324,304.5018,11.89,-0.000696324
42.3174176,-0.000340752,304.5018,11.89,-0.000340752
42.3621886,-0.000696324,304.5018,11.89,-0.000696324
42.40796,-0.000340752,303.5082,11.89,-0.000340752
42.4526154,-0.000162966,304.5018,11.89,-0.000162966
42.498022,-0.000340752,304.5018,11.89,-0.000340752
42.5426579,-0.000518538,304.5018,11.89,-0.000518538
42.5878678,-0.000518538,302.5146,11.89,-0.000518538
42.6320666,-0.000518538,304.5018,11.89,-0.000518538
42.7230216,-0.000518538,304.5018,11.89,-0.000518538
42.767737,-0.000518538,305.4954,11.89,-0.000518538
42.8122216,-0.000696324,304.5018,11.89,-0.000696324
42.8580387,-0.000340752,303.5082,11.89,-0.000340752
42.9024925,-0.000340752,303.5082,11.89,-0.000340752
42.947927,-0.000340752,304.5018,11.89,-0.000340752
42.9923693,-0.000696324,304.5018,11.89,-0.000696324
43.0377572,-0.000340752,304.5018,11.89,-0.000340752
43.0827129,-0.000696324,305.4954,11.89,-0.000696324
43.1732176,-0.000340752,303.5082,11.89,-0.000340752
43.217622,-0.000340752,304.5018,11.89,-0.000340752
43.2623967,-0.000518538,304.5018,11.89,-0.000518538
43.3076692,-0.000340752,303.5082,11.89,-0.000340752
43.3525635,-0.000518538,303.5082,11.89,-0.000518538
43.3974995,-0.000518538,304.5018,11.89,-0.000518538
43.4417455,-0.000340752,304.5018,11.89,-0.000340752
43.4874135,-0.000340752,304.5018,11.89,-0.000340752
43.532554,-0.000518538,304.5018,11.89,-0.000518538
43.6231734,-0.000340752,304.5018,11.89,-0.000340752
43.6668946,-0.000340752,302.5146,11.89,-0.000340752
43.7127364,-0.000162966,304.5018,11.89,-0.000162966
43.7570058,1.48E-05,304.5018,11.89,1.48E-05
43.8025251,-0.000340752,303.5082,11.89,-0.000340752
43.8476569,-0.000340752,304.5018,11.89,-0.000340752
43.8928889,-0.000518538,304.5018,11.89,-0.000518538
43.9374726,-0.000518538,303.5082,11.89,-0.000518538
43.9827197,-0.000340752,303.5082,11.89,-0.000340752
44.0733331,-0.000340752,304.5018,11.89,-0.000340752
44.1174431,-0.000340752,304.5018,11.89,-0.000340752
44.1629219,-0.000518538,304.5018,11.89,-0.000518538
44.2076547,-0.000518538,304.5018,11.89,-0.000518538
