Time (s),Channel 1 (mV),Channel 2 (mV),Channel 3 (mV)
0.013008299982175231,-0.0006963239999999982,203.15460000000002,11.89
0.05823930000769906,-0.0005185379999999989,203.15460000000002,11.89
0.10250249999808148,-0.0005185379999999989,203.15460000000002,11.89
0.14735069999005646,-0.0006963239999999982,203.15460000000002,11.89
0.23788519998197444,-0.0008741100000000113,203.15460000000002,11.89
0.32814160000998527,-0.0006963239999999982,204.1482,11.89
0.3399521999817807,-0.0006963239999999982,201.16740000000001,11.89
0.373638299992308,-0.0006963239999999982,203.15460000000002,11.89
0.417868799995631,-0.0006963239999999982,203.15460000000002,11.89
0.4628521999984514,-0.0006963239999999982,203.15460000000002,11.89
0.5081342000048608,-0.0006963239999999982,203.15460000000002,11.89
0.5538485999859404,-0.0005185379999999989,204.1482,11.89
0.5980169999820646,-0.0008741100000000113,202.161,11.89
0.6891518000047654,-0.0003407520000000136,203.15460000000002,11.89
0.7331489000061993,-0.0005185379999999989,203.15460000000002,11.89
0.7787227999942843,-0.0006963239999999982,203.15460000000002,11.89
0.823262199992314,-0.0005185379999999989,203.15460000000002,11.89
0.8684362999920268,-0.00016296600000001438,203.15460000000002,11.89
0.9129183999903034,-0.0005185379999999989,202.161,11.89
0.9585756000014953,-0.0005185379999999989,203.15460000000002,11.89
1.0034322999999858,-0.0003407520000000136,203.15460000000002,11.89
1.0490184999944177,-0.0003407520000000136,203.15460000000002,11.89
1.1397175999882165,-0.0005185379999999989,203.15460000000002,11.89
1.1833030999987386,-0.0008741100000000113,203.15460000000002,11.89
1.2280048999818973,-0.0006963239999999982,203.15460000000002,11.89
1.2736960999900475,-0.0003407520000000136,204.1482,11.89
1.3179633999825455,-0.0005185379999999989,203.15460000000002,11.89
1.3630003999860492,-0.0006963239999999982,203.15460000000002,11.89
1.4076577000087127,-0.0005185379999999989,203.15460000000002,15.858
1.4543383999844082,-0.0005185379999999989,203.15460000000002,23.794
1.4983769000100438,-0.0006963239999999982,203.15460000000002,22.802
1.588801300007617,-0.0006963239999999982,204.1482,30.738
1.6331585999869276,-0.0003407520000000136,203.15460000000002,29.746000000000002
1.6786196999892127,-0.0006963239999999982,203.15460000000002,38.674
1.7239183000056073,-0.0005185379999999989,204.1482,38.674
1.7684590999851935,-0.0005185379999999989,204.1482,45.618
1.8133270000107586,-0.0008741100000000113,203.15460000000002,45.618
1.858241599984467,-0.0003407520000000136,203.15460000000002,52.562
1.9032527999952435,-0.0003407520000000136,203.15460000000002,60.498
1.9481280999898445,-0.0005185379999999989,204.1482,60.498
2.039335300010862,-0.0006963239999999982,203.15460000000002,68.434
2.083291499991901,-0.0006963239999999982,204.1482,69.426
2.1283522000012454,-0.0006963239999999982,202.161,76.37
2.1743451000074856,-0.0005185379999999989,204.1482,75.378
2.2183161999855656,-0.0006963239999999982,204.1482,83.31400000000001
2.3091316999925766,-0.0005185379999999989,204.1482,83.31400000000001
2.353557099995669,-0.0005185379999999989,202.161,90.258
2.366814399982104,-0.0003407520000000136,202.161,90.258
2.4441931000037584,-0.0003407520000000136,203.15460000000002,99.18599999999999
2.4882238999998663,-0.0006963239999999982,203.15460000000002,98.194
2.5338206999877,-0.0005185379999999989,203.15460000000002,106.13
2.5795320000033826,-0.0006963239999999982,204.1482,106.13
2.623740999988513,-0.0008741100000000113,203.15460000000002,113.074
2.669620100001339,-0.0005185379999999989,203.15460000000002,114.066
2.713457500009099,-0.0005185379999999989,203.15460000000002,122.002
2.7584527999861166,-0.0008741100000000113,204.1482,128.946
2.8035829000000376,-0.0006963239999999982,203.15460000000002,129.938
2.8947613000054844,-0.00016296600000001438,203.15460000000002,137.874
2.938551900006132,-0.0005185379999999989,203.15460000000002,136.882
2.9836945999995805,-0.0008741100000000113,203.15460000000002,136.882
3.028556999983266,-0.0003407520000000136,204.1482,143.82600000000002
3.0734973000071477,-0.0006963239999999982,204.1482,144.81799999999998
3.1179899999988265,-0.0006963239999999982,203.15460000000002,151.762
3.1632944000011776,-0.0006963239999999982,204.1482,152.75400000000002
3.2081105999823194,-0.0006963239999999982,203.15460000000002,158.70600000000002
3.2536490999918897,-0.0005185379999999989,202.161,159.69799999999998
3.344248899986269,-0.0005185379999999989,203.15460000000002,167.63400000000001
3.3895068999845535,-0.0005185379999999989,203.15460000000002,165.64999999999998
3.4335623999941163,-0.0005185379999999989,203.15460000000002,174.57799999999997
3.479056699987268,-0.0006963239999999982,203.15460000000002,173.586
3.523533400002634,-0.0005185379999999989,206.1354,183.50599999999997
3.568893099989509,-0.0006963239999999982,206.1354,182.514
3.613853199989535,-0.0006963239999999982,209.11620000000002,190.45
3.6595159999851603,-0.0006963239999999982,211.10340000000002,197.394
3.7029735000105575,-0.0008741100000000113,208.1226,197.394
3.7486009999993257,-0.0005185379999999989,205.14180000000002,197.394
3.8393236999982037,-0.0003407520000000136,206.1354,204.33800000000002
3.884409299993422,-0.00016296600000001438,203.15460000000002,204.33800000000002
3.9287304999888875,-0.0005185379999999989,203.15460000000002,211.28199999999998
3.9746636000054423,-0.0006963239999999982,202.161,213.26600000000002
4.018280499993125,-0.0008741100000000113,203.15460000000002,220.20999999999998
4.065083599998616,-0.0006963239999999982,203.15460000000002,220.20999999999998
4.1083150999911595,-0.0006963239999999982,202.161,228.14600000000002
4.153381099982653,-0.0005185379999999989,204.1482,235.08999999999997
4.198183500004234,-0.0005185379999999989,204.1482,235.08999999999997
4.289014299982227,-0.0006963239999999982,203.15460000000002,243.026
4.3334680999978445,-0.0008741100000000113,204.1482,243.026
4.379100199992536,-0.0003407520000000136,203.15460000000002,250.962
4.423611100006383,-0.0003407520000000136,203.15460000000002,249.96999999999997
4.468690000008792,-0.0008741100000000113,204.1482,258.898
4.513647199986735,-0.0006963239999999982,203.15460000000002,257.906
4.558420499990461,-0.0005185379999999989,203.15460000000002,265.842
4.604017700010445,-0.0005185379999999989,203.15460000000002,273.77799999999996
4.648778900009347,-0.00016296600000001438,203.15460000000002,272.786
4.739534399996046,-0.0003407520000000136,203.15460000000002,280.722
4.783591099985642,-0.0005185379999999989,204.1482,279.72999999999996
4.82853110000724,-0.0003407520000000136,203.15460000000002,288.65799999999996
4.873653499991633,-0.0005185379999999989,203.15460000000002,288.65799999999996
4.918666299985489,-0.0005185379999999989,203.15460000000002,288.65799999999996
4.963171999988845,-0.0005185379999999989,203.15460000000002,297.586
5.009108900005231,-0.0006963239999999982,203.15460000000002,303.538
5.053492200007895,-0.0005185379999999989,204.1482,303.538
5.1453041000058874,-0.0005185379999999989,203.15460000000002,310.48199999999997
5.190090699994471,-0.0003407520000000136,204.1482,310.48199999999997
5.2344876999850385,-0.0003407520000000136,203.15460000000002,310.48199999999997
5.278565099986736,-0.0003407520000000136,203.15460000000002,318.418
5.324881400010781,-0.0006963239999999982,202.161,320.402
5.368468700005906,-0.0005185379999999989,205.14180000000002,327.346
5.413504099997226,-0.0005185379999999989,204.1482,325.36199999999997
5.458610300003784,-0.0005185379999999989,204.1482,333.298
5.50464239998837,1.4819999999998723e-05,203.15460000000002,341.234
5.548470699985046,-0.0003407520000000136,202.161,341.234
5.639280900009908,-0.00016296600000001438,203.15460000000002,349.16999999999996
5.6842303999874275,-0.00016296600000001438,203.15460000000002,349.16999999999996
5.72871870000381,-0.00016296600000001438,204.1482,357.106
5.7743396000005305,-0.00016296600000001438,202.161,357.106
5.818872800009558,-0.0003407520000000136,204.1482,365.042
5.864593500009505,-0.00016296600000001438,203.15460000000002,364.05
5.908807400002843,1.4819999999998723e-05,204.1482,371.986
5.954664399992907,0.00019260599999999795,203.15460000000002,379.92199999999997
6.044186599989189,1.4819999999998723e-05,203.15460000000002,379.92199999999997
6.088391800003592,1.4819999999998723e-05,203.15460000000002,378.93
6.132653899985598,0.00019260599999999795,203.15460000000002,386.866
6.1785896999936085,0.00019260599999999795,203.15460000000002,386.866
6.223755099985283,0.00019260599999999795,202.161,393.81
6.269669500004966,1.4819999999998723e-05,203.15460000000002,394.80199999999996
6.313263299991377,0.0005481779999999825,203.15460000000002,402.738
6.359069800004363,0.0007259639999999956,203.15460000000002,402.738
6.404312700004084,0.0005481779999999825,203.15460000000002,409.68199999999996
6.494991399988066,0.0009037499999999948,204.1482,408.69
6.538366299995687,0.0009037499999999948,203.15460000000002,417.618
6.584956000006059,0.0007259639999999956,203.15460000000002,417.618
6.628341900010128,0.0009037499999999948,203.15460000000002,425.554
6.672653099987656,0.0009037499999999948,203.15460000000002,424.562
6.7185791000083555,0.0009037499999999948,203.15460000000002,424.562
6.763521099986974,0.0014371079999999925,202.161,432.498
6.85545460000867,0.0016148939999999917,204.1482,439.442
6.872179400001187,0.0021482519999999894,203.15460000000002,440.43399999999997
6.945104699989315,0.0016148939999999917,203.15460000000002,440.43399999999997
6.9882712999824435,0.0016148939999999917,203.15460000000002,448.37
7.03379909999785,0.001970466000000004,203.15460000000002,448.37
7.0782483000075445,0.001792679999999991,203.15460000000002,457.298
7.1244159000052605,0.001970466000000004,204.1482,456.306
7.16795689999708,0.0023260380000000025,203.15460000000002,463.25
7.213226699997904,0.0021482519999999894,202.161,463.25
7.257995499996468,0.002503823999999988,204.1482,470.19399999999996
7.303197700006422,0.002681610000000001,203.15460000000002,478.13
7.438950999989174,0.0028593959999999863,203.15460000000002,479.12199999999996
7.483632299990859,0.0030371819999999994,203.15460000000002,486.066
7.485391399997752,0.003570539999999997,203.15460000000002,486.066
7.528436599997804,0.003570539999999997,203.15460000000002,486.066
7.573990300006699,0.003570539999999997,204.1482,493.01
7.619172200007597,0.004103897999999995,204.1482,493.01
7.6632665999932215,0.004281683999999994,204.1482,500.94599999999997
7.708644500002265,0.004637255999999992,203.15460000000002,508.882
7.752830899989931,0.004637255999999992,204.1482,509.87399999999997
7.843945500004338,0.004992828000000005,204.1482,515.826
7.888484299997799,0.0055261859999999885,202.161,516.818
7.933620399999199,0.005348400000000003,203.15460000000002,516.818
7.977988300001016,0.005881757999999987,203.15460000000002,523.7620000000001
8.02379020000808,0.005881757999999987,204.1482,523.7620000000001
8.068480499990983,0.006059544,203.15460000000002,530.706
8.113457400002517,0.0064151159999999985,203.15460000000002,530.706
8.158254799986025,0.006592901999999998,203.15460000000002,538.6419999999999
8.203789599996526,0.007304045999999995,203.15460000000002,546.578
8.294997199991485,0.007304045999999995,203.15460000000002,546.578
8.33909439999843,0.007659617999999993,204.1482,553.5219999999999
8.383057900005952,0.008015189999999991,203.15460000000002,554.514
8.42873580000014,0.008015189999999991,202.161,554.514
8.47280960000353,0.008370762000000004,203.15460000000002,562.4499999999999
8.519444999983534,0.008904119999999988,202.161,561.458
8.563851299986709,0.009615263999999998,203.15460000000002,569.394
8.608690599998226,0.009970835999999997,203.15460000000002,577.3299999999999
8.653748599987011,0.010504193999999994,203.15460000000002,577.3299999999999
8.744084600009955,0.010859765999999993,203.15460000000002,584.274
8.834101499989629,0.011215337999999991,203.15460000000002,585.266
8.838480200007325,0.01157090999999999,202.161,592.21
8.878382800001418,0.012282054,203.15460000000002,592.21
8.922764999995707,0.012637625999999999,203.15460000000002,600.146
8.96855510000023,0.012637625999999999,203.15460000000002,600.146
9.013818599982187,0.012815411999999984,204.1482,598.162
9.058181100001093,0.013526555999999995,203.15460000000002,606.098
9.10352169998805,0.013882127999999994,202.161,615.026
9.195208699995419,0.01459327199999999,202.161,615.026
9.238311099994462,0.014771058000000004,203.15460000000002,621.97
9.283641399990302,0.015659988,203.15460000000002,622.962
9.32852670000284,0.015304416000000001,204.1482,623.954
9.373706999991555,0.016015559999999998,203.15460000000002,629.906
9.418333899986465,0.016193345999999983,203.15460000000002,629.906
9.463650499994401,0.016904489999999994,203.15460000000002,638.834
9.508160900004441,0.017437848000000006,203.15460000000002,637.842
9.55363270000089,0.017437848000000006,203.15460000000002,646.77
9.645366499986267,0.018326778000000002,203.15460000000002,644.786
9.688333500002045,0.01868235,204.1482,652.722
9.733677799988072,0.019037922,203.15460000000002,653.7139999999999
9.779455099982442,0.019926851999999995,203.15460000000002,660.658
9.823733500001254,0.020282423999999993,203.15460000000002,659.6659999999999
9.873239999986254,0.02099356799999999,203.15460000000002,668.5939999999999
9.959147599991411,0.021526925999999988,203.15460000000002,669.586
10.003678699984448,0.021704712,204.1482,676.53
10.007720399997197,0.022238069999999985,204.1482,675.538
10.093872199999169,0.022593641999999997,203.15460000000002,683.4739999999999
10.13839320000261,0.023304785999999994,204.1482,683.4739999999999
10.183925699995598,0.023482571999999993,203.15460000000002,684.466
10.22828730000765,0.02401592999999999,203.15460000000002,691.41
10.273501699994085,0.02454928799999999,202.161,690.418
10.318690599990077,0.024904859999999987,204.1482,699.346
10.363395699998364,0.025260431999999985,203.15460000000002,698.3539999999999
10.40805349999573,0.025971575999999996,203.15460000000002,707.2819999999999
10.453365399996983,0.026504933999999994,203.15460000000002,707.2819999999999
10.544151299982332,0.02721607799999999,202.161,714.226
10.588448199996492,0.02757164999999999,203.15460000000002,714.226
10.633685899985721,0.028105008,203.15460000000002,721.17
10.679126800008817,0.028638366,204.1482,721.17
10.72241469999426,0.029349509999999995,203.15460000000002,729.106
10.768456099991454,0.029705081999999994,204.1482,730.098
10.813641499989899,0.029527295999999995,204.1482,729.106
10.85862489999272,0.03041622599999999,204.1482,736.05
10.903811299998779,0.03112737,204.1482,744.978
10.994992499996442,0.031838514,203.15460000000002,743.986
11.037652500002878,0.032371871999999996,204.1482,751.922
11.083636199997272,0.032549657999999995,203.15460000000002,752.914
11.128888699982781,0.032549657999999995,203.15460000000002,750.93
11.173334599996451,0.03326080199999999,203.15460000000002,759.858
11.219262300000992,0.03343858799999999,204.1482,758.866
11.263711000006879,0.034149732,203.15460000000002,766.802
11.309104399988428,0.035216448,204.1482,774.7379999999999
11.353249500010861,0.035749805999999995,203.15460000000002,774.7379999999999
11.444752099981997,0.035749805999999995,203.15460000000002,782.674
11.4884281999839,0.03628316399999999,203.15460000000002,782.674
11.533617499982938,0.03628316399999999,202.161,782.674
11.577835999982199,0.036816522000000004,203.15460000000002,789.6179999999999
11.623889199981932,0.037172094,204.1482,791.602
11.668430799996713,0.037527666,204.1482,798.5459999999999
11.713793200004147,0.037705452,203.15460000000002,796.562
11.804385399998864,0.038416596,204.1482,804.4979999999999
11.818499099987093,0.039127739999999994,203.15460000000002,813.4259999999999
11.894604000000982,0.039838884000000005,203.15460000000002,813.4259999999999
11.939067800005432,0.039127739999999994,204.1482,814.418
11.9835167999845,0.03948331199999999,203.15460000000002,820.37
12.028644400008488,0.03966109799999999,202.161,822.3539999999999
12.074098599987337,0.040194456,203.15460000000002,827.314
12.118590800004313,0.04037224199999999,204.1482,828.3059999999999
12.163578300009249,0.040727814,203.15460000000002,836.242
12.2093334000092,0.040905599999999986,203.15460000000002,843.186
12.253337500005728,0.041261171999999985,204.1482,844.178
12.34451419999823,0.041261171999999985,202.161,852.114
12.389228699990781,0.04161674399999998,202.161,852.114
12.437204499990912,0.041794529999999996,203.15460000000002,860.05
12.524132899998222,0.04161674399999998,202.161,859.058
12.568697000009706,0.04161674399999998,203.15460000000002,866.002
12.582398600003216,0.041794529999999996,203.15460000000002,866.994
12.614103600004455,0.04161674399999998,203.15460000000002,865.01
12.658922500006156,0.041438958,203.15460000000002,873.938
12.79418369999621,0.041972315999999996,203.15460000000002,881.874
12.815846199984662,0.042150101999999995,202.161,881.874
12.838609200000064,0.041794529999999996,203.15460000000002,889.81
12.884649499988882,0.041972315999999996,203.15460000000002,890.802
12.928680499986513,0.04161674399999998,202.161,897.746
12.973675699991873,0.041794529999999996,203.15460000000002,897.746
13.017914399999427,0.041083386,203.15460000000002,904.6899999999999
13.0635185999854,0.041438958,202.161,903.698
13.108457299997099,0.041083386,202.161,911.634
13.199116800009506,0.041261171999999985,203.15460000000002,918.578
13.243521600001259,0.041083386,203.15460000000002,919.5699999999999
13.289239300007466,0.04037224199999999,202.161,924.53
13.334216699993704,0.04037224199999999,203.15460000000002,926.514
13.37856979999924,0.040194456,203.15460000000002,933.458
13.424060099991038,0.03966109799999999,203.15460000000002,931.4739999999999
13.468454199988628,0.03966109799999999,203.15460000000002,941.394
13.513092899986077,0.039127739999999994,203.15460000000002,941.394
13.558675699983723,0.038772167999999996,203.15460000000002,948.338
13.650263299990911,0.03859438199999998,203.15460000000002,960.242
13.692708399990806,0.038416596,204.1482,956.274
13.73891939999885,0.037527666,204.1482,955.2819999999999
13.7848612999951,0.037172094,203.15460000000002,956.274
13.828729300003033,0.03646094999999999,203.15460000000002,965.202
13.874127499992028,0.03628316399999999,204.1482,962.226
13.918699400004698,0.035749805999999995,203.15460000000002,971.154
13.963977400009753,0.035394234,203.15460000000002,973.138
14.008264000003692,0.03468309,203.15460000000002,980.082
14.099590300000273,0.034505304,203.15460000000002,987.026
14.143737500009593,0.034505304,204.1482,989.01
14.188432199996896,0.03361637399999999,203.15460000000002,993.97
14.234116799983894,0.03326080199999999,203.15460000000002,992.978
14.278371299995342,0.032549657999999995,203.15460000000002,1003.89
14.324709000007715,0.0320163,202.161,1002.898
14.36824459998752,0.031838514,204.1482,1012.818
14.413407699990785,0.03112737,203.15460000000002,1009.842
14.458632900001248,0.03041622599999999,203.15460000000002,1018.77
14.549739399983082,0.029882867999999993,204.1482,1026.7060000000001
14.593370499991579,0.029527295999999995,203.15460000000002,1025.714
14.638648699998157,0.028816151999999998,203.15460000000002,1033.65
14.684247299999697,0.028282793999999986,202.161,1034.642
14.728569099999731,0.02757164999999999,203.15460000000002,1041.586
14.774244500003988,0.02721607799999999,203.15460000000002,1041.586
14.8185780000058,0.026327147999999995,204.1482,1049.5220000000002
14.86327239999082,0.025971575999999996,204.1482,1049.5220000000002
14.908544600009918,0.025438218,204.1482,1059.442
14.999327600002289,0.024727074,203.15460000000002,1065.394
15.042857699998422,0.02419371599999999,203.15460000000002,1067.3780000000002
15.089815999992425,0.023482571999999993,203.15460000000002,1065.394
15.132851300004404,0.022593641999999997,203.15460000000002,1072.3380000000002
15.178142299992032,0.022593641999999997,203.15460000000002,1074.3220000000001
15.223813999997219,0.022060284,203.15460000000002,1072.3380000000002
15.26840309999534,0.02117135399999999,203.15460000000002,1080.2740000000001
15.314444599993294,0.02081578199999999,203.15460000000002,1078.2900000000002
15.35838099999819,0.020104637999999994,202.161,1091.1860000000001
15.448968199983938,0.019749065999999996,202.161,1096.1460000000002
15.493622100009816,0.019393493999999997,203.15460000000002,1095.154
15.538813199993456,0.018504563999999987,203.15460000000002,1098.13
15.583236799982842,0.01814899199999999,202.161,1104.082
15.628353999985848,0.01797120599999999,203.15460000000002,1103.0900000000001
15.673351999983424,0.017082275999999993,203.15460000000002,1111.026
15.718946999986656,0.017082275999999993,203.15460000000002,1113.01
15.763092499983031,0.016371131999999997,203.15460000000002,1119.9540000000002
15.808715699997265,0.015837773999999985,203.15460000000002,1125.9060000000002
15.853419699997175,0.015659988,203.15460000000002,1126.8980000000001
15.944138099992415,0.01459327199999999,203.15460000000002,1135.826
15.988552299997536,0.014771058000000004,203.15460000000002,1134.834
16.033381999994162,0.013882127999999994,203.15460000000002,1141.778
16.07880839999416,0.013704341999999994,203.15460000000002,1144.7540000000001
16.12311059999047,0.012815411999999984,203.15460000000002,1151.698
16.1691531999968,0.012459839999999986,204.1482,1151.698
16.21321389998775,0.011926481999999988,203.15460000000002,1158.642
16.259628800005885,0.011037551999999992,203.15460000000002,1166.5780000000002
16.303741499985335,0.010859765999999993,203.15460000000002,1166.5780000000002
16.395279399992432,0.010504193999999994,204.1482,1166.5780000000002
16.43836949998513,0.009793049999999984,203.15460000000002,1174.5140000000001
16.484188700007508,0.009081906,203.15460000000002,1175.506
16.528042199992342,0.00854854799999999,203.15460000000002,1182.45
16.5745625999989,0.008370762000000004,203.15460000000002,1184.4340000000002
16.618166400003247,0.007304045999999995,203.15460000000002,1191.3780000000002
16.663131200009957,0.007304045999999995,204.1482,1190.3860000000002
16.708385100006126,0.0064151159999999985,203.15460000000002,1196.3380000000002
16.752592400007416,0.006592901999999998,202.161,1197.3300000000002
16.844157299987273,0.005703972000000002,203.15460000000002,1206.258
16.888666399987414,0.005881757999999987,203.15460000000002,1206.258
16.933253099996364,0.004637255999999992,203.15460000000002,1213.202
16.97880859998986,0.004637255999999992,202.161,1214.1940000000002
17.023079899983713,0.0037483259999999963,204.1482,1221.1380000000001
17.068638500000816,0.0037483259999999963,203.15460000000002,1221.1380000000001
17.11336190000293,0.0030371819999999994,202.161,1227.0900000000001
17.15964639998856,0.002503823999999988,203.15460000000002,1236.018
17.202428599994164,0.002681610000000001,204.1482,1237.01
17.292495400004555,0.0021482519999999894,204.1482,1242.962
17.33864679999533,0.0023260380000000025,203.15460000000002,1245.938
17.383242899988545,0.0016148939999999917,204.1482,1251.89
17.42941250000149,0.001792679999999991,202.161,1252.882
17.472562599985395,0.001081535999999994,203.15460000000002,1260.818
17.52275470001041,0.001081535999999994,203.15460000000002,1259.826
17.608392299996922,0.0007259639999999956,203.15460000000002,1260.818
17.653423299983842,0.00037039200000001105,203.15460000000002,1269.746
17.65732639998896,0.0005481779999999825,203.15460000000002,1267.7620000000002
17.742706899996847,1.4819999999998723e-05,203.15460000000002,1275.698
17.788144399994053,1.4819999999998723e-05,204.1482,1275.698
17.83365230000345,0.00019260599999999795,204.1482,1276.69
17.877896599995438,1.4819999999998723e-05,203.15460000000002,1282.642
17.923555899993517,-0.00016296600000001438,203.15460000000002,1283.634
17.967972099984763,-0.0003407520000000136,203.15460000000002,1290.5780000000002
18.0132146999822,-0.00016296600000001438,204.1482,1291.5700000000002
18.058158800005913,-0.0003407520000000136,204.1482,1298.5140000000001
18.148876199993538,-0.0005185379999999989,204.1482,1305.458
18.193414899986237,-0.0005185379999999989,203.15460000000002,1306.45
18.238193400000455,-0.0005185379999999989,212.097,1316.3700000000001
18.284330900001805,-0.0006963239999999982,214.0842,1314.3860000000002
18.32870549999643,-0.0005185379999999989,224.02020000000002,1323.314
18.37346209998941,-0.0003407520000000136,229.98180000000002,1325.298
18.41791170000215,-0.0006963239999999982,238.9242,1330.258
18.463116500002798,-0.0006963239999999982,242.89860000000002,1332.2420000000002
18.507947899983265,-0.0008741100000000113,254.82180000000002,1339.1860000000001
18.59904549998464,-0.0005185379999999989,264.7578,1347.122
18.643573499983177,-0.0006963239999999982,269.7258,1349.106
18.688347799994517,-0.0006963239999999982,281.649,1357.0420000000001
18.734198899997864,-0.0006963239999999982,281.649,1354.066
18.778321999998298,-0.0005185379999999989,293.5722,1362.0020000000002
18.823130300006596,-0.0003407520000000136,298.54019999999997,1363.986
18.868128400004935,-0.0003407520000000136,308.4762,1368.9460000000001
18.91297360000317,-0.0005185379999999989,311.457,1370.93
18.957903800008353,-0.0006963239999999982,321.393,1380.8500000000001
19.049326699983794,-0.0006963239999999982,331.329,1384.818
19.093423799989978,-0.0008741100000000113,335.3034,1387.794
19.138172500010114,-0.0006963239999999982,336.29699999999997,1386.8020000000001
19.18345759998192,-0.0006963239999999982,340.27139999999997,1385.8100000000002
19.27424150001025,-0.0006963239999999982,333.3162,1375.89
19.294783199991798,-0.0005185379999999989,340.27139999999997,1377.874
19.317741400009254,-0.0005185379999999989,333.3162,1370.93
19.363669499987736,-0.0006963239999999982,335.3034,1372.914
19.40830929999356,-0.0008741100000000113,329.3418,1362.0020000000002
19.45308449998265,-0.0006963239999999982,331.329,1365.97
19.543745700008003,-0.0006963239999999982,327.3546,1353.074
19.58805389999179,-0.0008741100000000113,328.34819999999996,1355.058
19.632972299994435,-0.0008741100000000113,320.3994,1346.13
19.678530200006207,-0.0005185379999999989,323.3802,1347.122
19.769114199996693,-0.0005185379999999989,318.4122,1340.178
19.78998450000654,-0.0008741100000000113,322.3866,1341.17
19.81303960000514,-0.0003407520000000136,316.425,1332.2420000000002
19.858204199990723,-0.0003407520000000136,317.41859999999997,1330.258
19.949105899984716,-0.0008741100000000113,312.4506,1322.3220000000001
19.993196600000374,-0.0006963239999999982,314.4378,1326.2900000000002
20.04255280000507,-0.0006963239999999982,307.4826,1315.3780000000002
20.12906859998475,-0.0008741100000000113,308.4762,1315.3780000000002
20.17293480000808,-0.0005185379999999989,303.5082,1306.45
20.17424319998827,-0.0005185379999999989,306.489,1308.4340000000002
20.218656999990344,-0.0006963239999999982,307.4826,1307.442
20.263279100006912,-0.0005185379999999989,300.5274,1298.5140000000001
20.30878349998966,-0.0005185379999999989,296.553,1290.5780000000002
20.353240099997493,-0.0005185379999999989,297.5466,1290.5780000000002
20.444115899997996,-0.0008741100000000113,290.59139999999996,1286.6100000000001
20.488416400010465,-0.0008741100000000113,294.56579999999997,1284.6260000000002
20.5336884999997,-0.0006963239999999982,286.61699999999996,1276.69
20.578685099986615,-0.0006963239999999982,287.6106,1276.69
20.623965699982364,-0.0006963239999999982,281.649,1268.7540000000001
20.668559899990214,-0.0010518960000000105,283.6362,1267.7620000000002
20.71315389999654,-0.0005185379999999989,277.6746,1260.818
20.7588279999909,-0.0005185379999999989,270.7194,1254.866
20.803655199997593,-0.0006963239999999982,271.71299999999997,1254.866
20.893779300007736,-0.0006963239999999982,264.7578,1244.9460000000001
20.938373599987244,-0.0006963239999999982,266.745,1245.938
21.029130599985365,-0.0006963239999999982,257.8026,1238.0020000000002
21.049134500004584,-0.0005185379999999989,259.78979999999996,1237.01
21.073047899990343,-0.0003407520000000136,255.8154,1228.082
21.118856299988693,-0.0005185379999999989,257.8026,1230.066
21.163655899988953,-0.0006963239999999982,248.86020000000002,1220.1460000000002
21.20942689999356,-0.0006963239999999982,242.89860000000002,1214.1940000000002
21.25333330000285,-0.0006963239999999982,244.88580000000002,1216.178
21.344448099989677,-0.0008741100000000113,237.9306,1204.2740000000001
21.388512999983504,-0.0006963239999999982,237.9306,1204.2740000000001
21.433116600004723,-0.0010518960000000105,229.98180000000002,1196.3380000000002
21.47815099998843,-0.0005185379999999989,230.9754,1198.3220000000001
21.52340340000228,-0.0008741100000000113,233.95620000000002,1196.3380000000002
21.567939600005047,-0.0008741100000000113,227.001,1190.3860000000002
21.61337839998305,-0.0006963239999999982,227.99460000000002,1189.394
21.657939700002316,-0.0006963239999999982,222.03300000000002,1180.4660000000001
21.749223799997708,-0.0005185379999999989,213.09060000000002,1174.5140000000001
21.793674199987436,-0.0005185379999999989,213.09060000000002,1176.498
21.838477299985243,-0.0006963239999999982,206.1354,1166.5780000000002
21.884368099999847,-0.0003407520000000136,207.12900000000002,1166.5780000000002
21.928289300005417,-0.0006963239999999982,204.1482,1157.65
21.973123000003397,-0.0005185379999999989,204.1482,1158.642
22.06392769998638,-0.0008741100000000113,203.15460000000002,1158.642
22.067482099984773,-0.00016296600000001438,204.1482,1150.7060000000001
22.108581899985438,1.4819999999998723e-05,204.1482,1143.7620000000002
22.15307890000986,-0.0005185379999999989,203.15460000000002,1144.7540000000001
22.244382600008976,-0.00016296600000001438,203.15460000000002,1134.834
22.289092699997127,-0.0006963239999999982,203.15460000000002,1133.842
22.333301999984542,1.4819999999998723e-05,202.161,1126.8980000000001
22.378993199992692,-0.0003407520000000136,203.15460000000002,1127.89
22.423009999998612,-0.0003407520000000136,203.15460000000002,1119.9540000000002
22.46892419998767,-0.0005185379999999989,203.15460000000002,1118.962
22.512878100009402,-0.0003407520000000136,203.15460000000002,1112.018
22.558983900002204,1.4819999999998723e-05,203.15460000000002,1103.0900000000001
22.603253599983873,-0.0005185379999999989,203.15460000000002,1104.082
22.69485529998201,-0.0005185379999999989,203.15460000000002,1104.082
22.738722999987658,1.4819999999998723e-05,203.15460000000002,1097.1380000000001
22.783247499988647,-0.00016296600000001438,204.1482,1096.1460000000002
22.829012000001967,-0.0005185379999999989,202.161,1097.1380000000001
22.873246600007406,1.4819999999998723e-05,203.15460000000002,1088.21
22.91939409999759,-0.0003407520000000136,203.15460000000002,1090.1940000000002
22.963518899981864,-0.00016296600000001438,203.15460000000002,1079.2820000000002
23.009245699999155,-0.00016296600000001438,204.1482,1074.3220000000001
23.05355700000655,-0.0005185379999999989,204.1482,1072.3380000000002
23.18909070000518,1.4819999999998723e-05,203.15460000000002,1066.3860000000002
23.205169900000328,-0.0005185379999999989,203.15460000000002,1065.394
23.233706700004404,-0.0003407520000000136,203.15460000000002,1066.3860000000002
23.277881099988008,1.4819999999998723e-05,204.1482,1056.4660000000001
23.324606399983168,-0.0005185379999999989,204.1482,1056.4660000000001
23.36833550001029,0.00019260599999999795,203.15460000000002,1049.5220000000002
23.414675999985775,-0.0003407520000000136,202.161,1049.5220000000002
23.458343799982686,-0.00016296600000001438,203.15460000000002,1041.586
23.54908150000847,-0.0003407520000000136,203.15460000000002,1034.642
23.593838600005256,-0.0005185379999999989,203.15460000000002,1034.642
23.638942099991255,1.4819999999998723e-05,204.1482,1024.722
23.684551199985435,-0.0003407520000000136,203.15460000000002,1025.714
23.728181899990886,-0.00016296600000001438,203.15460000000002,1017.778
23.77400479998323,-0.00016296600000001438,203.15460000000002,1018.77
23.818589500006055,-0.0003407520000000136,204.1482,1010.834
23.86461170000257,1.4819999999998723e-05,202.161,1010.834
23.908607699995628,0.00019260599999999795,203.15460000000002,1002.898
23.99916979999398,0.00019260599999999795,203.15460000000002,994.962
24.044533999986015,1.4819999999998723e-05,203.15460000000002,992.978
24.08848800000851,1.4819999999998723e-05,204.1482,988.018
24.134515599987935,-0.00016296600000001438,204.1482,986.034
24.178211599995848,0.00019260599999999795,203.15460000000002,977.106
24.22384449999663,-0.00016296600000001438,204.1482,979.09
24.268761599989375,0.00019260599999999795,204.1482,971.154
24.314171200006967,-0.00016296600000001438,203.15460000000002,971.154
24.358035999990534,-0.00016296600000001438,203.15460000000002,963.218
24.44924469999387,1.4819999999998723e-05,204.1482,955.2819999999999
24.49432299999171,1.4819999999998723e-05,203.15460000000002,957.266
24.538231299986364,1.4819999999998723e-05,203.15460000000002,949.3299999999999
24.583875199983595,-0.00016296600000001438,203.15460000000002,949.3299999999999
24.62834679998923,0.00019260599999999795,204.1482,940.4019999999999
24.67406540000229,1.4819999999998723e-05,203.15460000000002,941.394
24.718581299996004,0.00037039200000001105,203.15460000000002,933.458
24.764774699986447,0.00037039200000001105,203.15460000000002,933.458
24.808450399985304,0.00019260599999999795,203.15460000000002,926.514
24.899099800008116,0.00037039200000001105,202.161,919.5699999999999
24.944294499990065,0.00019260599999999795,203.15460000000002,917.586
24.989409500005422,0.00037039200000001105,202.161,910.6419999999999
25.033373999991454,0.00037039200000001105,203.15460000000002,911.634
25.07923539998592,0.00019260599999999795,203.15460000000002,910.6419999999999
25.123499499983154,0.0007259639999999956,204.1482,904.6899999999999
25.168606499995803,0.00037039200000001105,203.15460000000002,902.706
25.2142404000042,0.001081535999999994,203.15460000000002,894.77
25.258056199993007,0.0007259639999999956,203.15460000000002,897.746
25.303144899982726,0.0007259639999999956,203.15460000000002,895.762
25.394024000008358,0.0009037499999999948,203.15460000000002,888.818
25.438624900009017,0.0005481779999999825,204.1482,889.81
25.483204399992246,0.0009037499999999948,203.15460000000002,882.866
25.528736200009007,0.0007259639999999956,203.15460000000002,881.874
25.572940099984407,0.0012593219999999933,203.15460000000002,874.93
25.61904940000386,0.0009037499999999948,203.15460000000002,873.938
25.664068099984434,0.0012593219999999933,203.15460000000002,866.994
25.708560500002932,0.001081535999999994,204.1482,866.994
25.797902799997246,0.0012593219999999933,204.1482,858.066
25.844337299990002,0.0014371079999999925,203.15460000000002,859.058
25.888033800001722,0.0016148939999999917,203.15460000000002,849.138
25.93351159998565,0.0016148939999999917,203.15460000000002,852.114
25.97824359999504,0.0021482519999999894,204.1482,844.178
26.023658299993258,0.0016148939999999917,204.1482,844.178
26.068336099997396,0.0021482519999999894,203.15460000000002,835.25
26.11334959999658,0.0021482519999999894,203.15460000000002,829.298
26.158197099983227,0.001970466000000004,203.15460000000002,829.298
26.203356899990467,0.0023260380000000025,203.15460000000002,827.314
26.294128499983344,0.002503823999999988,203.15460000000002,821.362
26.339305700006662,0.0023260380000000025,204.1482,820.37
26.384038699994562,0.002681610000000001,203.15460000000002,812.434
26.42941549999523,0.0028593959999999863,203.15460000000002,813.4259999999999
26.4735398000048,0.0030371819999999994,203.15460000000002,805.49
26.518597199989017,0.0028593959999999863,204.1482,806.482
26.564311699999962,0.0032149679999999986,203.15460000000002,797.554
26.608355300006224,0.0032149679999999986,203.15460000000002,797.554
26.699007099989103,0.0037483259999999963,203.15460000000002,790.61
26.74463120001019,0.0037483259999999963,203.15460000000002,788.626
26.78800830000546,0.0039261119999999955,202.161,781.682
26.83334539999487,0.004103897999999995,203.15460000000002,781.682
26.87868170000729,0.004637255999999992,203.15460000000002,774.7379999999999
26.968900899984874,0.004459469999999993,203.15460000000002,773.746
26.97354889998678,0.00517061399999999,204.1482,766.802
27.013932400004705,0.004992828000000005,203.15460000000002,766.802
27.058628700004192,0.0055261859999999885,203.15460000000002,760.85
27.149380899994867,0.005703972000000002,203.15460000000002,752.914
27.19452610000735,0.005881757999999987,203.15460000000002,750.93
27.238744900008896,0.006237329999999999,203.15460000000002,743.986
27.283340599999065,0.006237329999999999,203.15460000000002,744.978
27.328121099999407,0.006948473999999996,202.161,745.97
27.372540199983632,0.007304045999999995,203.15460000000002,736.05
27.418762499990407,0.007304045999999995,203.15460000000002,735.058
27.462833199999295,0.00819297599999999,204.1482,728.114
27.509190799988573,0.008370762000000004,203.15460000000002,721.17
27.55303979999735,0.00854854799999999,203.15460000000002,721.17
27.6439767999982,0.009259692,203.15460000000002,713.234
27.688655000005383,0.009615263999999998,202.161,712.242
27.77900569999474,0.009970835999999997,203.15460000000002,714.226
27.783275599998888,0.010504193999999994,203.15460000000002,705.298
27.824089200003073,0.010681979999999994,203.15460000000002,706.29
27.868410399998538,0.01157090999999999,203.15460000000002,698.3539999999999
27.912749599985546,0.01157090999999999,204.1482,692.4019999999999
27.957574700005352,0.011926481999999988,202.161,691.41
28.049068099993747,0.012104268000000001,203.15460000000002,683.4739999999999
28.09282190000522,0.012637625999999999,203.15460000000002,684.466
28.138337499985937,0.013170983999999997,203.15460000000002,681.49
28.183199299994158,0.013526555999999995,203.15460000000002,675.538
28.22829020000063,0.013882127999999994,203.15460000000002,674.5459999999999
28.27296010000282,0.014059913999999993,203.15460000000002,668.5939999999999
28.318307799985632,0.014237699999999992,203.15460000000002,668.5939999999999
28.362821899994742,0.014415486000000005,203.15460000000002,659.6659999999999
28.408342799986713,0.014415486000000005,203.15460000000002,652.722
28.453334999998333,0.014415486000000005,203.15460000000002,653.7139999999999
28.54426080000121,0.014948843999999989,203.15460000000002,645.778
28.5882561999897,0.014948843999999989,203.15460000000002,644.786
28.632933699991554,0.014948843999999989,202.161,637.842
28.678615299984813,0.015126630000000002,204.1482,637.842
28.722982100007357,0.015126630000000002,203.15460000000002,630.898
28.768167800008086,0.014948843999999989,203.15460000000002,629.906
28.8132798000006,0.015126630000000002,203.15460000000002,622.962
28.85841739998432,0.014771058000000004,204.1482,615.026
28.903679299983196,0.014415486000000005,203.15460000000002,615.026
28.99413380000624,0.01459327199999999,203.15460000000002,607.09
29.03843680000864,0.01459327199999999,203.15460000000002,607.09
29.083106400008546,0.014415486000000005,203.15460000000002,599.154
29.128896399983205,0.014059913999999993,203.15460000000002,599.154
29.172993899992434,0.013882127999999994,203.15460000000002,592.21
29.218494500004454,0.013882127999999994,203.15460000000002,592.21
29.262732500006678,0.013526555999999995,203.15460000000002,585.266
29.3086798999866,0.012815411999999984,203.15460000000002,577.3299999999999
29.399699200002942,0.012815411999999984,204.1482,577.3299999999999
29.44285319998744,0.012282054,203.15460000000002,569.394
29.48986529998365,0.012282054,203.15460000000002,570.386
29.532745200005593,0.012104268000000001,204.1482,561.458
29.578808799997205,0.011926481999999988,203.15460000000002,562.4499999999999
29.623188700003084,0.011748696000000003,203.15460000000002,554.514
29.668771099997684,0.011215337999999991,203.15460000000002,554.514
29.71325820000493,0.011037551999999992,202.161,546.578
29.75873390000197,0.010504193999999994,203.15460000000002,539.634
29.849584199982928,0.010326407999999995,203.15460000000002,539.634
29.89317910000682,0.009970835999999997,203.15460000000002,530.706
29.93870599998627,0.009615263999999998,203.15460000000002,531.698
29.98318229999859,0.009437478,204.1482,523.7620000000001
30.029103999986546,0.009081906,203.15460000000002,523.7620000000001
30.07362439998542,0.008726334000000002,203.15460000000002,516.818
30.12344719999237,0.00854854799999999,203.15460000000002,516.818
30.16280900000129,0.008370762000000004,204.1482,508.882
30.208851200004574,0.00819297599999999,204.1482,507.89
30.29883179999888,0.007837403999999992,203.15460000000002,499.954
30.344061000010697,0.007659617999999993,204.1482,499.954
30.38842360000126,0.007126259999999995,203.15460000000002,494.002
30.43330309999874,0.006948473999999996,203.15460000000002,494.002
30.478434399992693,0.007126259999999995,203.15460000000002,493.01
30.523479900002712,0.006770687999999997,204.1482,487.058
30.568686799990246,0.006592901999999998,202.161,485.07399999999996
30.613176399987424,0.006237329999999999,203.15460000000002,477.138
30.658508199994685,0.005881757999999987,204.1482,471.186
30.749879199982388,0.005703972000000002,203.15460000000002,471.186
30.793430999998236,0.005348400000000003,203.15460000000002,463.25
30.83985109999776,0.004992828000000005,204.1482,463.25
30.88321850000648,0.004815041999999992,203.15460000000002,455.31399999999996
30.928524799994193,0.004637255999999992,203.15460000000002,455.31399999999996
30.973426099983044,0.004281683999999994,203.15460000000002,447.378
31.019088900007773,0.0039261119999999955,203.15460000000002,447.378
31.06325109998579,0.004103897999999995,203.15460000000002,440.43399999999997
31.15424850001,0.0032149679999999986,203.15460000000002,432.498
31.157930199988186,0.0032149679999999986,204.1482,432.498
31.244206400006078,0.0030371819999999994,203.15460000000002,424.562
31.288775199995143,0.002681610000000001,203.15460000000002,425.554
31.33357459999388,0.002503823999999988,204.1482,418.60999999999996
31.37913539999863,0.0023260380000000025,203.15460000000002,417.618
31.423564099997748,0.0021482519999999894,203.15460000000002,409.68199999999996
31.468706699990435,0.0021482519999999894,204.1482,409.68199999999996
31.513313500006916,0.001970466000000004,203.15460000000002,402.738
31.558041799988132,0.0014371079999999925,203.15460000000002,393.81
31.64984440000262,0.0014371079999999925,203.15460000000002,393.81
31.69321910000872,0.0012593219999999933,202.161,386.866
31.73827010000241,0.0012593219999999933,204.1482,387.858
31.78313719999278,0.0007259639999999956,203.15460000000002,379.92199999999997
31.828637400001753,0.0012593219999999933,203.15460000000002,379.92199999999997
31.873157499998342,0.0009037499999999948,204.1482,371.986
31.91891010000836,0.0005481779999999825,203.15460000000002,371.986
31.962802900001407,0.0007259639999999956,202.161,364.05
32.008950699993875,0.00037039200000001105,203.15460000000002,356.114
32.10027709999122,0.0007259639999999956,203.15460000000002,357.106
32.14331779998611,0.0005481779999999825,203.15460000000002,350.162
32.18972619998385,1.4819999999998723e-05,203.15460000000002,349.16999999999996
32.233364499988966,-0.00016296600000001438,203.15460000000002,342.226
32.27831870000227,1.4819999999998723e-05,203.15460000000002,342.226
32.32337759999791,-0.00016296600000001438,204.1482,334.28999999999996
32.36903760000132,1.4819999999998723e-05,203.15460000000002,334.28999999999996
32.41325519999373,1.4819999999998723e-05,203.15460000000002,325.36199999999997
32.45915770001011,1.4819999999998723e-05,203.15460000000002,319.40999999999997
32.55010100000072,-0.00016296600000001438,202.161,319.40999999999997
32.59337519999826,1.4819999999998723e-05,204.1482,312.466
32.642155399982585,-0.0005185379999999989,203.15460000000002,309.49
32.7292754999944,1.4819999999998723e-05,203.15460000000002,311.474
32.773244499985594,-0.0003407520000000136,203.15460000000002,304.53
32.77477970000473,-0.0003407520000000136,203.15460000000002,304.53
32.81941570001072,-0.0005185379999999989,203.15460000000002,304.53
32.862908299983246,-0.0003407520000000136,203.15460000000002,296.594
32.9081073999987,-0.0003407520000000136,202.161,296.594
32.99909470000421,-0.00016296600000001438,203.15460000000002,288.65799999999996
33.04341369998292,1.4819999999998723e-05,203.15460000000002,288.65799999999996
33.08870520000346,-0.0003407520000000136,202.161,280.722
33.13353659998393,-0.0003407520000000136,203.15460000000002,280.722
33.178221000009216,-0.0005185379999999989,203.15460000000002,272.786
33.22455079999054,-0.0005185379999999989,203.15460000000002,272.786
33.26796729999478,-0.0006963239999999982,203.15460000000002,265.842
33.31411889998708,-0.0006963239999999982,203.15460000000002,258.898
33.358044199994765,-0.0006963239999999982,203.15460000000002,258.898
33.449198499991326,-0.0006963239999999982,204.1482,249.96999999999997
33.49365119999857,-0.0006963239999999982,204.1482,250.962
33.53856950000045,-0.0008741100000000113,203.15460000000002,244.01799999999997
33.58372679998865,-0.0005185379999999989,203.15460000000002,243.026
33.62819560000207,-0.0003407520000000136,203.15460000000002,236.082
33.67382419999922,-0.0006963239999999982,202.161,235.08999999999997
33.718617799982894,-0.00016296600000001438,202.161,228.14600000000002
33.76410559998476,-0.00016296600000001438,203.15460000000002,219.21800000000002
33.80805580000742,-0.0005185379999999989,204.1482,220.20999999999998
33.89907789998688,-0.0003407520000000136,204.1482,213.26600000000002
33.94380039998214,-0.0005185379999999989,203.15460000000002,212.274
33.988008899992565,-0.0003407520000000136,203.15460000000002,205.32999999999998
34.03434290000587,-0.0006963239999999982,203.15460000000002,204.33800000000002
34.078404800005956,-0.0006963239999999982,204.1482,197.394
34.12363630000618,-0.0003407520000000136,203.15460000000002,197.394
34.16840039999806,-0.0006963239999999982,203.15460000000002,189.45800000000003
34.21362120000413,-0.0003407520000000136,203.15460000000002,182.514
34.25855520000914,-0.0006963239999999982,204.1482,183.50599999999997
34.34930619999068,-0.0003407520000000136,203.15460000000002,174.57799999999997
34.39457089998177,-0.0006963239999999982,203.15460000000002,173.586
34.43810470000608,-0.0006963239999999982,203.15460000000002,167.63400000000001
34.48425149999093,-0.0005185379999999989,203.15460000000002,166.642
34.528322500002105,-0.0006963239999999982,203.15460000000002,159.69799999999998
34.573271800007205,-0.0005185379999999989,203.15460000000002,159.69799999999998
34.619333199982066,-0.0008741100000000113,203.15460000000002,159.69799999999998
34.66324669998721,-0.0006963239999999982,203.15460000000002,151.762
34.70943660000921,-0.0006963239999999982,203.15460000000002,143.82600000000002
34.800325899996096,-0.0006963239999999982,202.161,144.81799999999998
34.843047600006685,-0.0005185379999999989,202.161,136.882
34.88883069998701,-0.0003407520000000136,204.1482,136.882
34.93415109999478,-0.0008741100000000113,203.15460000000002,137.874
34.97870680000051,-0.0006963239999999982,203.15460000000002,129.938
35.02337320000515,-0.0005185379999999989,204.1482,129.938
35.06848109999555,-0.0006963239999999982,203.15460000000002,122.002
35.11363579999306,-0.0006963239999999982,204.1482,114.066
35.16206959998817,-0.0008741100000000113,203.15460000000002,113.074
35.24952129999292,-0.0006963239999999982,203.15460000000002,114.066
35.29353890000493,-0.0005185379999999989,203.15460000000002,114.066
35.33813029999146,-0.0006963239999999982,203.15460000000002,106.13
35.38415289999102,-0.0006963239999999982,203.15460000000002,106.13
35.42843209998682,-0.0005185379999999989,204.1482,99.18599999999999
35.473438599990914,-0.0008741100000000113,203.15460000000002,98.194
35.51827689999482,-0.0008741100000000113,203.15460000000002,90.258
35.56340529999579,-0.0005185379999999989,202.161,84.306
35.6080454000039,-0.0003407520000000136,204.1482,83.31400000000001
35.69912939998903,-0.0006963239999999982,203.15460000000002,76.37
35.744370000000345,-0.0005185379999999989,203.15460000000002,75.378
35.788163099990925,-0.0005185379999999989,203.15460000000002,68.434
35.83439209999051,-0.0005185379999999989,203.15460000000002,69.426
35.87840439999127,-0.0005185379999999989,203.15460000000002,60.498
35.92443240000284,-0.0006963239999999982,203.15460000000002,61.49
35.968642799998634,-0.0006963239999999982,203.15460000000002,53.554
36.01392989998567,-0.0005185379999999989,203.15460000000002,45.618
36.05796209999244,-0.0006963239999999982,203.15460000000002,46.61
36.149972299986985,-0.0006963239999999982,203.15460000000002,45.618
36.193344100000104,-0.0006963239999999982,203.15460000000002,37.682
36.23898530000588,-0.0005185379999999989,203.15460000000002,39.666
36.28311469999608,-0.0005185379999999989,203.15460000000002,30.738
36.32941750000464,-0.0005185379999999989,202.161,30.738
36.37337280000793,-0.0006963239999999982,203.15460000000002,23.794
36.418385700002545,-0.0005185379999999989,203.15460000000002,22.802
36.463255199982086,-0.0005185379999999989,203.15460000000002,15.858
36.5540725000028,-0.0005185379999999989,204.1482,11.89
36.598578700009966,-0.0005185379999999989,204.1482,11.89
36.64302449999377,-0.0005185379999999989,203.15460000000002,11.89
36.68839989998378,-0.0005185379999999989,202.161,11.89
36.73298130001058,-0.0005185379999999989,203.15460000000002,11.89
36.778632300003665,-0.0006963239999999982,203.15460000000002,11.89
36.82400059999782,-0.0003407520000000136,203.15460000000002,11.89
36.86792059999425,-0.0005185379999999989,203.15460000000002,11.89
36.91360820000409,-0.00016296600000001438,203.15460000000002,11.89
36.958703199983574,-0.0008741100000000113,203.15460000000002,11.89
37.04747329998645,-0.0003407520000000136,203.15460000000002,11.89
37.093874199985294,-0.0008741100000000113,204.1482,11.89
37.13887930000783,-0.0008741100000000113,204.1482,11.89
37.183359199989354,-0.0005185379999999989,202.161,11.89
37.22837040000013,-0.0005185379999999989,203.15460000000002,11.89
37.27297819999512,-0.0003407520000000136,204.1482,11.89
37.31815020000795,-0.0006963239999999982,203.15460000000002,11.89
37.4093603999936,-0.0005185379999999989,203.15460000000002,11.89
37.41437139999471,-0.0006963239999999982,204.1482,11.89
37.499192599992966,-0.0005185379999999989,203.15460000000002,11.89
37.542970699985744,-0.0005185379999999989,202.161,11.89
37.58874249999644,-0.0006963239999999982,203.15460000000002,11.89
37.63331299999845,-0.0005185379999999989,203.15460000000002,11.89
37.680727800005116,-0.0005185379999999989,203.15460000000002,11.89
37.722449900000356,-0.0003407520000000136,203.15460000000002,11.89
37.767242300004,-0.0006963239999999982,204.1482,11.89
37.81309399998281,-0.0006963239999999982,203.15460000000002,11.89
37.85867039998993,-0.0005185379999999989,203.15460000000002,11.89
37.94722390000243,-0.0006963239999999982,203.15460000000002,11.89
37.99198220000835,-0.0005185379999999989,204.1482,11.89
38.037375999992946,-0.0005185379999999989,203.15460000000002,11.89
38.08268269998371,-0.0005185379999999989,203.15460000000002,11.89
38.12720950000221,-0.0006963239999999982,203.15460000000002,11.89
38.17201529999147,-0.0005185379999999989,203.15460000000002,11.89
38.21749149999232,-0.0006963239999999982,203.15460000000002,11.89
38.35227649999433,-0.0005185379999999989,203.15460000000002,11.89
38.362039300001925,-0.0003407520000000136,203.15460000000002,11.89
38.397272700007306,-0.0006963239999999982,203.15460000000002,11.89
38.4423593999818,-0.0003407520000000136,203.15460000000002,11.89
38.48840499998187,-0.0008741100000000113,203.15460000000002,11.89
38.532123599987244,-0.0005185379999999989,204.1482,11.89
38.57743659999687,-0.0003407520000000136,203.15460000000002,11.89
38.622375899984036,-0.0006963239999999982,203.15460000000002,11.89
38.66787489998387,-0.0006963239999999982,203.15460000000002,11.89
38.712146100006066,-0.0005185379999999989,203.15460000000002,11.89
38.75732760000392,-0.0003407520000000136,203.15460000000002,11.89
38.84733240000787,-0.0005185379999999989,203.15460000000002,11.89
38.89386280000326,-0.0003407520000000136,203.15460000000002,11.89
38.93759409998893,-0.0005185379999999989,203.15460000000002,11.89
38.982187999994494,-0.0003407520000000136,203.15460000000002,11.89
39.02778470001067,-0.0008741100000000113,203.15460000000002,11.89
39.07222559998627,-0.0005185379999999989,204.1482,11.89
39.11719349998748,-0.0003407520000000136,203.15460000000002,11.89
39.162335000000894,-0.0006963239999999982,202.161,11.89
39.20752579998225,-0.0006963239999999982,203.15460000000002,11.89
39.29903100000229,-0.0008741100000000113,204.1482,11.89
39.34240709998994,-0.0005185379999999989,203.15460000000002,11.89
39.38741619998473,-0.0006963239999999982,203.15460000000002,11.89
39.43307279999135,-0.0005185379999999989,204.1482,11.89
39.47834380000131,-0.0005185379999999989,202.161,11.89
39.52317420000327,-0.0005185379999999989,203.15460000000002,11.89
39.567459299985785,-0.0008741100000000113,203.15460000000002,11.89
39.612803500000155,-0.0005185379999999989,204.1482,11.89
39.657798800006276,-0.0006963239999999982,204.1482,11.89
39.748606100009056,-0.0005185379999999989,203.15460000000002,11.89
39.793164600007,-0.0006963239999999982,203.15460000000002,11.89
39.837575499987,-0.0006963239999999982,202.161,11.89
39.883368299982976,-0.0003407520000000136,203.15460000000002,11.89
39.92816260000109,-0.0006963239999999982,203.15460000000002,11.89
39.972792299988214,-0.0008741100000000113,203.15460000000002,11.89
40.017971399996895,-0.0006963239999999982,204.1482,11.89
40.06277809999301,-0.0006963239999999982,203.15460000000002,11.89
40.107992100005504,-0.0005185379999999989,203.15460000000002,11.89
40.24425049999263,-0.0005185379999999989,203.15460000000002,11.89
40.249156100006076,-0.0008741100000000113,204.1482,11.89
40.29156710000825,-0.0006963239999999982,203.15460000000002,11.89
40.33269740000833,-0.0003407520000000136,203.15460000000002,11.89
40.378138600004604,-0.0006963239999999982,204.1482,11.89
40.42303400000674,-0.0005185379999999989,203.15460000000002,11.89
40.46852379999473,-0.0006963239999999982,203.15460000000002,11.89
40.512608599994564,-0.0006963239999999982,203.15460000000002,11.89
40.5579802999855,-0.0005185379999999989,203.15460000000002,11.89
40.64946549999877,-0.0005185379999999989,203.15460000000002,11.89
40.69372919999296,-0.0005185379999999989,204.1482,11.89
40.73831559999962,-0.0005185379999999989,203.15460000000002,11.89
40.78314399998635,-0.0006963239999999982,203.15460000000002,11.89
40.82821569999214,-0.0008741100000000113,202.161,11.89
40.873726899997564,-0.0005185379999999989,204.1482,11.89
40.91818829998374,-0.0005185379999999989,204.1482,11.89
40.96293439998408,-0.0006963239999999982,204.1482,11.89
41.008763099991484,-0.0008741100000000113,204.1482,11.89
41.09910299998592,-0.0006963239999999982,204.1482,11.89
41.14349180000136,-0.0006963239999999982,203.15460000000002,11.89
41.18877800001064,-0.0005185379999999989,203.15460000000002,11.89
41.233492600003956,-0.0006963239999999982,203.15460000000002,11.89
41.2785951999831,-0.0006963239999999982,203.15460000000002,11.89
41.32292800000869,-0.0006963239999999982,203.15460000000002,11.89
41.368626799987396,-0.0006963239999999982,202.161,11.89
41.41378770000301,-0.0005185379999999989,204.1482,11.89
41.45868119999068,-0.0005185379999999989,204.1482,11.89
41.54905110000982,-0.0005185379999999989,203.15460000000002,11.89
41.59376270000939,-0.0005185379999999989,203.15460000000002,11.89
41.6386891999864,-0.0005185379999999989,203.15460000000002,11.89
41.68373970000539,-0.0006963239999999982,204.1482,11.89
41.72843349998584,-0.0005185379999999989,203.15460000000002,11.89
41.77277710000635,-0.0006963239999999982,203.15460000000002,11.89
41.81785099999979,-0.0005185379999999989,203.15460000000002,11.89
41.863150499993935,-0.0003407520000000136,203.15460000000002,11.89
41.90833969999221,-0.0006963239999999982,203.15460000000002,11.89
41.9986421999929,-0.0006963239999999982,203.15460000000002,11.89
42.04225659999065,-0.0008741100000000113,203.15460000000002,11.89
42.08807450000313,-0.0005185379999999989,203.15460000000002,11.89
42.13353309998638,-0.0003407520000000136,203.15460000000002,11.89
